Challenge Area,Challenge Sub-Area,Challenge Component,Benchmark ID,Dataset,Data Producer,Year,Producer ID,Indicator Title,Indicator ID,Source Indicator ID,Indicator Question,Indicator Description,Value Max,Possible Text Values,Qual. Assessment,URL(s),Core vs Context,Cluster?,OGP-Adjusted,OGP Notes,To Revise,OGP Score,OGP Countries Meeting Benchmark,OGP Countries Not Meeting Benchmark,OGP Countries Not Assessed,Example Assesments,In Data? ,For GDF
Anti-Corruption,Asset and Interest Disclosure,Legal Requirements,ac_ad_07,Global Data Barometer 2nd Edition,Global Data Barometer,2025,GDB,Publication Requirement,ac_ad_pubreq,G.PI.IAD.a.EXIST_PUBLICATION,"Are there operational laws, policies, or regulations requiring publication of this information in any form?","From GDB: Most countries around the world have a requirement that public officials declare their interests and assets. Some such requirements are motivated by a desire to avoid conflicts of interest, some to eliminate illicit enrichment, while others combine elements of the two.

There is substantial variance in whose interests and assets must be disclosed. Some frameworks only require public officials who hold specific positions to make financial disclosures, some require all public officials. Some frameworks limit disclosures to the interests and assets under the direct control of the public official alone, some require disclosures of interests and assets belonging to partners, family members, or other close associates.

This indicator is based on the presence and strength of legislation, regulations, or policies that govern whether:
-Financial disclosures contain data on income, spending, assets, and debts.
-Declarations cover both financial interests (income, assets, and liabilities) and non-financial interests (gifts, hospitality, employment, memberships, etc.).
-Declarations are updated in a timely fashion; this includes regular updates, updates that are responsive to changes in position or in interests, assets, and liabilities, as well as ad hoc disclosures to respond to potential or actual conflicts of interest that may arise.
-Financial disclosures are published.
-Declarations must also disclose interests, assets, and liabilities held by a public official's partner, family members, or other close associates.
-A mandate is given to an independent agency or institution to examine declarations and/or investigate violations.",1,No; Yes,1,"Method: https://handbook.globaldatabarometer.org/2024/indicators/G.PI.IAD/
Data: https://globaldatabarometer.org/",Core,0,1,,,0.46,Argentina; Brazil; Chile; Colombia; Dominican Republic; Ecuador; Guatemala; Mexico; Panama; Peru; Paraguay; Senegal; Uruguay,Benin; Burkina Faso; Cote d'Ivoire; Costa Rica; Ghana; Honduras; Jamaica; Kenya; Liberia; Morocco; Malawi; Nigeria; Sierra Leone; Tunisia; South Africa,"Albania; Armenia; Australia; Bulgaria; Bosnia and Herzegovina; Canada; Cabo Verde; Czechia; Germany; Spain; Estonia; Finland; France; United Kingdom; Georgia; Greece; Croatia; Indonesia; Ireland; Israel; Italy; Jordan; Kosovo; Korea, Republic of; Lithuania; Latvia; Moldova, Republic of; Maldives; North Macedonia; Malta; Montenegro; Mongolia; Netherlands; Norway; New Zealand; Philippines; Papua New Guinea; Portugal; Romania; Serbia; Slovakia; Sweden; Seychelles; Timor-Leste; Ukraine; United States; Zambia","Spain: They exist and are operational.
Law 3/2015 regulating the exercise of the senior official of the General State Administration states remuneration shall be public (art. 4); the Electronic Register of Activities shall be public while the Electronic Register of Assets and Property Rights shall be confidential, with access limited to certain entities, and information from the declarations shall be published annually in the Official Gazette (art. 21). For MPs, amendment in 2011 of Law 5/1985 states the content of the Register of Interests shall be public. The Code of Conduct of the Parliament (2020) establishes the procedure, through the immediate publication of MPs' declarations on the website of the Congress and the Senate and the Parliament's Official Gazette (art. 4).
https://www.boe.es/buscar/doc.php?id=BOE-A-2015-3444; https://www.congreso.es/constitucion/ficheros/leyes_espa/lo_007_2011.pdf; https://www.congreso.es/es/cem/01102020-codconductaCCGG",1,
Anti-Corruption,Asset and Interest Disclosure,Legal Requirements,ac_ad_08,Global Data Barometer 2nd Edition,Global Data Barometer,2025,GDB,Collection Requirement,ac_ad_colreq,G.PI.IAD.a.EXIST_COLLECTION,"Are there operational laws, policies, or regulations requiring collection of this info in any form?","From GDB: Most countries around the world have a requirement that public officials declare their interests and assets. Some such requirements are motivated by a desire to avoid conflicts of interest, some to eliminate illicit enrichment, while others combine elements of the two.

There is substantial variance in whose interests and assets must be disclosed. Some frameworks only require public officials who hold specific positions to make financial disclosures, some require all public officials. Some frameworks limit disclosures to the interests and assets under the direct control of the public official alone, some require disclosures of interests and assets belonging to partners, family members, or other close associates.

This indicator is based on the presence and strength of legislation, regulations, or policies that govern whether:
-Financial disclosures contain data on income, spending, assets, and debts.
-Declarations cover both financial interests (income, assets, and liabilities) and non-financial interests (gifts, hospitality, employment, memberships, etc.).
-Declarations are updated in a timely fashion; this includes regular updates, updates that are responsive to changes in position or in interests, assets, and liabilities, as well as ad hoc disclosures to respond to potential or actual conflicts of interest that may arise.
-Financial disclosures are published.
-Declarations must also disclose interests, assets, and liabilities held by a public official's partner, family members, or other close associates.
-A mandate is given to an independent agency or institution to examine declarations and/or investigate violations.",1,No; Yes,1,"Method: https://handbook.globaldatabarometer.org/2024/indicators/G.PI.IAD/
Data: https://globaldatabarometer.org/",Core,0,1,,,0.96,Argentina; Benin; Burkina Faso; Brazil; Chile; Cote d'Ivoire; Colombia; Costa Rica; Dominican Republic; Ecuador; Ghana; Guatemala; Honduras; Jamaica; Kenya; Liberia; Morocco; Mexico; Malawi; Nigeria; Panama; Peru; Paraguay; Senegal; Sierra Leone; Uruguay; South Africa,Tunisia,"Albania; Armenia; Australia; Bulgaria; Bosnia and Herzegovina; Canada; Cabo Verde; Czechia; Germany; Spain; Estonia; Finland; France; United Kingdom; Georgia; Greece; Croatia; Indonesia; Ireland; Israel; Italy; Jordan; Kosovo; Korea, Republic of; Lithuania; Latvia; Moldova, Republic of; Maldives; North Macedonia; Malta; Montenegro; Mongolia; Netherlands; Norway; New Zealand; Philippines; Papua New Guinea; Portugal; Romania; Serbia; Slovakia; Sweden; Seychelles; Timor-Leste; Ukraine; United States; Zambia","Spain: They exist and are operational.
Law 3/2015, of March 30, regulating the exercise of the senior official of the General State Administration (art. 21, Electronic Registers of Activities and Assets and Property Rights of Senior Officials) and the President and members of the board of the governing body of judges (CGPJ) (art. 17 & 18 of law 3/2015). For Members of Parliament, the Agreement of the Boards of the Congress of Deputies and the Senate, of 1 October 2020, approving the Code of Conduct of the Parliament (Cortes Generales), develops and expands the declaration of assets and interests established by Organic Law 5/1985, of June 19, on the General Electoral System (amended in 2011), and includes previous activities and employment, donations, gifts, etc.
URL(s): https://www.boe.es/buscar/doc.php?id=BOE-A-2015-3444;  https://www.congreso.es/es/cem/loreg; https://www.congreso.es/es/cem/01102020-codconductaCCGG; https://www.boe.es/buscar/act.php?id=BOE-A-1985-11672; https://www.poderjudicial.es/portal/site/cgpj/menuitem.87fc234e64fd592b3305d5a7dc432ea0/?vgnextoid=9cf62483f1dc6410VgnVCM1000006f48ac0aRCRD&vgnextlocale=es&vgnextfmt=default&lang_choosen=es\",1,
Anti-Corruption,Asset and Interest Disclosure,Transparency,ac_ad_09,Global Data Barometer 2nd Edition,Global Data Barometer,2025,GDB,Data Online,ac_ad_online,A.PI.IAD.a.ONLINE,Is this data available online in any form because of government actions?,"From GDB: Interest and asset declarations’ data should provide a comprehensive overview of the financial state of all relevant public officials, clearly identifying their interests, assets, and liabilities, as well as gifts they receive. In addition to regular updates, such data should include information on any significant changes in an official's interests, assets, and liabilities—for example, it should be responsive to changes in employment. Declarations data should also use unique identifiers to clearly identify not only the public official but also any partners, family members, or other close associates that the country requires to disclose interests and assets as well.

Among other functions, it should be possible to use declarations data to verify that relevant public officials do not have interests that trigger conflict between their public responsibilities and private identity. Datasets may include information about interests that have been divested or placed in a blind trust or other mechanism designated by the country.",1,No; Yes,1,"Method: https://handbook.globaldatabarometer.org/2024/indicators/A.PI.IAD/
Data: https://globaldatabarometer.org/",Core,0,1,,,,,,,"Spain: Data is available from government, or because of government actions.
URL: https://transparencia.gob.es/transparencia/transparencia_Home/index/PublicidadActiva/AltosCargos/DeclaracionesBienesAACC.html; https://www.congreso.es/es/web/guest/busqueda-de-diputados;  https://www.senado.es/web/composicionorganizacion/senadores/declaracionbienesactividades/index.html; https://www.poderjudicial.es/cgpj/es/Temas/Transparencia/Actividad-Economico-Financiera/Altos-Cargos--Retribuciones--declaraciones-de-bienes-y-gastos-de-desplazamiento/",1,
Anti-Corruption,Beneficial Ownership,Legal Requirements,ac_bo_01,Global Data Barometer 2nd Edition,Global Data Barometer,2025,GDB,Collection Requirement,ac_bo_colreq,G.COMPANY.BOT.a.EXIST_COLLECTION,"Are there operational laws, policies, or regulations requiring collection of this info in any form?","From GDB: A beneficial owner is a natural person who has the right to some share or enjoyment of a corporate vehicle’s income or assets, or the right to direct or influence the entity’s activities. An individual can own control, or benefit from a corporate vehicle either directly or indirectly. (https://www.openownership.org/en/implementation/beneficial-ownership-glossary/)

Legally, both humans (natural persons) and companies (legal persons) can own, control, or benefit from companies. Sometimes, for purposes such as corruption, crime, or tax evasion, a human will seek to hide their ownership or control by using corporate vehicles like shell companies to obscure their identity. Beneficial owners are thus the individual human beings who ultimately own, wield control, or benefit, whether that’s openly or through corporate vehicles.

It’s important to recognize that the focus of this indicator is on beneficial ownership, rather than legal ownership, shareholders, or directors. In most countries, information on the legal ownership (shareholders) and day-to-day control (directors) of a company has long been available. However, because individuals could often stay anonymous—for example, by linking companies that own each other across jurisdictions with different disclosure requirements—countries have started to legislate separately for beneficial ownership registers.

Sometimes frameworks do not require a centralized register at all; instead, companies may be required to maintain their own registers without any more centralized disclosure. This indicator prioritizes disclosure. Disclosure doesn’t necessarily mean unfettered public access: sometimes frameworks establish a central register—or other unified access point—that law enforcement or other designated entities can access, but the general public cannot.


",1,No; Yes,1,"Method: https://handbook.globaldatabarometer.org/2024/indicators/G.COMPANY.BOT/
Data: https://globaldatabarometer.org/",Core,0,1,,,0.89,Argentina; Benin; Brazil; Chile; Cote d'Ivoire; Colombia; Costa Rica; Dominican Republic; Ecuador; Ghana; Honduras; Jamaica; Kenya; Liberia; Morocco; Mexico; Malawi; Nigeria; Panama; Peru; Paraguay; Senegal; Tunisia; Uruguay; South Africa,Burkina Faso; Guatemala; Sierra Leone,"Albania; Armenia; Australia; Bulgaria; Bosnia and Herzegovina; Canada; Cabo Verde; Czechia; Germany; Spain; Estonia; Finland; France; United Kingdom; Georgia; Greece; Croatia; Indonesia; Ireland; Israel; Italy; Jordan; Kosovo; Korea, Republic of; Lithuania; Latvia; Moldova, Republic of; Maldives; North Macedonia; Malta; Montenegro; Mongolia; Netherlands; Norway; New Zealand; Philippines; Papua New Guinea; Portugal; Romania; Serbia; Slovakia; Sweden; Seychelles; Timor-Leste; Ukraine; United States; Zambia",,1,
Anti-Corruption,Beneficial Ownership,Legal Requirements,ac_bo_02,Global Data Barometer 2nd Edition,Global Data Barometer,2025,GDB,Publication Requirement,ac_bo_pubreq,G.COMPANY.BOT.a.EXIST_PUBLICATION,"Are there operational laws, policies, or regulations requiring publication of this information in any form?","From GDB: A beneficial owner is a natural person who has the right to some share or enjoyment of a corporate vehicle’s income or assets, or the right to direct or influence the entity’s activities. An individual can own control, or benefit from a corporate vehicle either directly or indirectly. (https://www.openownership.org/en/implementation/beneficial-ownership-glossary/)

Legally, both humans (natural persons) and companies (legal persons) can own, control, or benefit from companies. Sometimes, for purposes such as corruption, crime, or tax evasion, a human will seek to hide their ownership or control by using corporate vehicles like shell companies to obscure their identity. Beneficial owners are thus the individual human beings who ultimately own, wield control, or benefit, whether that’s openly or through corporate vehicles.

It’s important to recognize that the focus of this indicator is on beneficial ownership, rather than legal ownership, shareholders, or directors. In most countries, information on the legal ownership (shareholders) and day-to-day control (directors) of a company has long been available. However, because individuals could often stay anonymous—for example, by linking companies that own each other across jurisdictions with different disclosure requirements—countries have started to legislate separately for beneficial ownership registers.

Sometimes frameworks do not require a centralized register at all; instead, companies may be required to maintain their own registers without any more centralized disclosure. This indicator prioritizes disclosure. Disclosure doesn’t necessarily mean unfettered public access: sometimes frameworks establish a central register—or other unified access point—that law enforcement or other designated entities can access, but the general public cannot.


",1,No; Yes,1,"Method: https://handbook.globaldatabarometer.org/2024/indicators/G.COMPANY.BOT/
Data: https://globaldatabarometer.org/",Core,0,1,,,0.36,Brazil; Colombia; Ecuador; Honduras; Jamaica; Kenya; Liberia; Morocco; Nigeria; Tunisia,Argentina; Benin; Burkina Faso; Chile; Cote d'Ivoire; Costa Rica; Dominican Republic; Ghana; Guatemala; Mexico; Malawi; Panama; Peru; Paraguay; Senegal; Sierra Leone; Uruguay; South Africa,"Albania; Armenia; Australia; Bulgaria; Bosnia and Herzegovina; Canada; Cabo Verde; Czechia; Germany; Spain; Estonia; Finland; France; United Kingdom; Georgia; Greece; Croatia; Indonesia; Ireland; Israel; Italy; Jordan; Kosovo; Korea, Republic of; Lithuania; Latvia; Moldova, Republic of; Maldives; North Macedonia; Malta; Montenegro; Mongolia; Netherlands; Norway; New Zealand; Philippines; Papua New Guinea; Portugal; Romania; Serbia; Slovakia; Sweden; Seychelles; Timor-Leste; Ukraine; United States; Zambia",,1,
Anti-Corruption,Beneficial Ownership,Transparency,ac_bo_03,Global Data Barometer 2nd Edition,Global Data Barometer,2025,GDB,Data Online,ac_bo_online,A.COMPANY.BOT.a.ONLINE,Is this data available online in any form?,"From GDB: A beneficial ownership register should contain details of the natural persons who have an ownership or control stake in or benefit from registered companies.

To recap, legally, both humans (natural persons) and companies (legal persons) can own, control, or benefit from companies. Beneficial owners are the individual human beings who ultimately own, wield control, or benefit, whether that’s openly or through corporate vehicles. This indicator investigates data that describes the beneficial owners of companies, rather than legal owners, shareholders, or directors.

A register of the beneficial owners of companies must thus extend beyond the immediate legal owners, shareholders, or directors of a company to identify and disclose the natural persons (individual, named human beings) who exercise ultimate ownership or control or derive economic benefit—even if this ownership, control, or benefiting involves multiple intermediate companies or relationships.

Where company registration is a subnational responsibility, beneficial ownership registers may also be maintained subnationally. To achieve the highest scores on this indicator, it should be possible to easily access data about all the beneficial owners of companies in a country. This might be achieved by:

Having a central register of companies’ beneficial owners;

Government providing an aggregation service that brings together data from local registers; or

Having standardized or comparable-quality data available from every subnational register, such that a third party can easily aggregate the data.",1,No; Yes,1,"Method: https://handbook.globaldatabarometer.org/2024/indicators/A.COMPANY.BOT/
Data: https://globaldatabarometer.org/",Core,0,0,,,0.11,Ecuador; Ghana; Nigeria,Argentina; Benin; Burkina Faso; Brazil; Chile; Cote d'Ivoire; Colombia; Costa Rica; Dominican Republic; Guatemala; Honduras; Jamaica; Kenya; Liberia; Morocco; Mexico; Malawi; Panama; Peru; Paraguay; Senegal; Sierra Leone; Tunisia; Uruguay; South Africa,"Albania; Armenia; Australia; Bulgaria; Bosnia and Herzegovina; Canada; Cabo Verde; Czechia; Germany; Spain; Estonia; Finland; France; United Kingdom; Georgia; Greece; Croatia; Indonesia; Ireland; Israel; Italy; Jordan; Kosovo; Korea, Republic of; Lithuania; Latvia; Moldova, Republic of; Maldives; North Macedonia; Malta; Montenegro; Mongolia; Netherlands; Norway; New Zealand; Philippines; Papua New Guinea; Portugal; Romania; Serbia; Slovakia; Sweden; Seychelles; Timor-Leste; Ukraine; United States; Zambia",,1,
Anti-Corruption,Beneficial Ownership,Transparency,ac_bo_05,Open Ownership Map,Open Ownership,2025,OO,BO Register,ac_bo_register,Stage,The government has a live BO register.,,1,No; Yes,0,https://www.openownership.org/en/map/,Core,0,1,"Considers only launched registers, not planned registers",,0.68,Albania; Argentina; Armenia; Bosnia and Herzegovina; Brazil; Bulgaria; Canada; Colombia; Costa Rica; Croatia; Czechia; Ecuador; Estonia; Finland; France; Germany; Ghana; Greece; Indonesia; Ireland; Italy; Jamaica; Kenya; Latvia; Lithuania; Malawi; Malta; Mongolia; Morocco; Netherlands; Nigeria; North Macedonia; Norway; Panama; Paraguay; Peru; Philippines; Portugal; South Africa; Romania; Senegal; Serbia; Seychelles; Slovakia; Spain; Sweden; Ukraine; United Kingdom; United States; Uruguay; Zambia,"Australia; Benin; Burkina Faso; Chile; Cote d'Ivoire; Cabo Verde; Dominican Republic; Georgia; Guatemala; Honduras; Israel; Jordan; Kosovo; Korea, Republic of; Liberia; Moldova, Republic of; Maldives; Mexico; Montenegro; New Zealand; Papua New Guinea; Sierra Leone; Timor-Leste; Tunisia",None,"Spain: https://www.registradores.org/registro-de-titularidades-reales
Scope: Full-economy
Register launched: 2018
Threshold used to determine beneficial ownership: 25%
Structured data publicly available: No
Published as BODS: No
Available via API: No",1,
Anti-Corruption,Beneficial Ownership,Transparency,ac_bo_06,Open Ownership Map,Open Ownership,2025,OO,CSO Accessibility,ac_bo_csoaccess,Who can access,Civil society can access the register.,,1,No; Yes,0,https://www.openownership.org/en/map/,Core,0,1,"""Civil Society"" must be able access the register, not just competent authorities",,0.61,Albania; Armenia; Bulgaria; Canada; Czechia; Ecuador; Estonia; Finland; France; Germany; Ghana; Indonesia; Italy; Kenya; Latvia; Lithuania; Malawi; Mongolia; Morocco; Nigeria; North Macedonia; Norway; Philippines; Portugal; Romania; Serbia; Slovakia; Spain; Sweden; Ukraine; Zambia,Argentina; Bosnia and Herzegovina; Brazil; Colombia; Costa Rica; Croatia; Greece; Ireland; Jamaica; Malta; Netherlands; Panama; Paraguay; Peru; South Africa; Senegal; Seychelles; United Kingdom; United States; Uruguay,"Australia; Benin; Burkina Faso; Chile; Cote d'Ivoire; Cabo Verde; Dominican Republic; Georgia; Guatemala; Honduras; Israel; Jordan; Kosovo; Korea, Republic of; Liberia; Moldova, Republic of; Maldives; Mexico; Montenegro; New Zealand; Papua New Guinea; Sierra Leone; Timor-Leste; Tunisia",Spain: Registrar | Competent authorities | General public,1,
Anti-Corruption,Beneficial Ownership,Transparency,ac_bo_07,Open Ownership Map,Open Ownership,2025,OO,Public Accessibility,ac_bo_pubaccess,Who can access,The public can access the register.,,1,No; Yes,0,https://www.openownership.org/en/map/,Core,0,1,"The ""General Public"" must be able access the register, not only those with legitimate interests, like CSOs",,0.55,Albania; Armenia; Bulgaria; Canada; Czechia; Ecuador; Estonia; France; Ghana; Indonesia; Italy; Kenya; Latvia; Lithuania; Malawi; Mongolia; Morocco; Nigeria; North Macedonia; Philippines; Portugal; Romania; Serbia; Slovakia; Spain; Sweden; Ukraine; Zambia,Argentina; Bosnia and Herzegovina; Brazil; Colombia; Costa Rica; Croatia; Finland; Germany; Greece; Ireland; Jamaica; Malta; Netherlands; Norway; Panama; Paraguay; Peru; South Africa; Senegal; Seychelles; United Kingdom; United States; Uruguay,"Australia; Benin; Burkina Faso; Chile; Cote d'Ivoire; Cabo Verde; Dominican Republic; Georgia; Guatemala; Honduras; Israel; Jordan; Kosovo; Korea, Republic of; Liberia; Moldova, Republic of; Maldives; Mexico; Montenegro; New Zealand; Papua New Guinea; Sierra Leone; Timor-Leste; Tunisia",Spain: Registrar | Competent authorities | General public,1,
Anti-Corruption,Extractives,NA,ac_ei_01,EITI Validation Data,Extractive Industries Transparency Initiative (EITI),2025,EITI,Contract and license allocations,ac_ei_allocations,2.2,"Public overview of awards and procedures for transfers of oil, gas and mining licenses","EITI uses the following metrics to evaluate this requirement. For OGP purposes, ""Fully met"" or ""Exceeded"" is a Yes, ""Mostly met"" or ""Partly met"" is a Partial"". See how EITI determines these scores below. 

From EITI: The objective of this requirement is to provide a public overview of awards and transfers of oil, gas and mining licenses, the statutory procedures for license awards and transfers and whether these procedures are followed in practice. This can allow stakeholders to identify and address possible weaknesses in the license allocation process, including those that make the process vulnerable to corruption. 

Exceeded (100 points): All aspects of the requirement, including ‘expected’, ‘encouraged’ and ‘recommended’ aspects, have been implemented and the broader objective of the requirement has been fulfilled through systematic disclosures in government and company systems. 

Fully met (90 points): The broader objective of the requirement has been fulfilled, and all required aspects of the requirement have been addressed. 

Mostly met (60 points): Significant aspects of the requirement have been implemented, and the broader objective of the requirement is mostly fulfilled. 

Partly met (30 points): Significant aspects of the requirement have not been implemented, and the broader objective of the requirement is not fulfilled. 

Not met (0 points): All or nearly all aspects of the requirement remain outstanding, and the broader objective of the requirement is far from fulfilled.",2,Yes; Partial,1,https://eiti.org/guidance-notes/validation-guide-2023-eiti-standard#:~:text=Requirement%202.2%3A%20Contract%20and%20license%20allocations%C2%A0,Core,0,0,,,0.30,Armenia; Cote d'Ivoire; Dominican Republic; Germany; Honduras; Norway; Ukraine; United Kingdom; Zambia,Argentina; Albania; Burkina Faso; Colombia; Ecuador; Ghana; Guatemala; Indonesia; Malawi; Mexico; Mongolia; Netherlands; Nigeria; Papua New Guinea; Peru; Philippines; Senegal; Seychelles; Sierra Leone; Timor-Leste; Argentina,"Australia; Benin; Bulgaria; Bosnia and Herzegovina; Brazil; Canada; Chile; Cabo Verde; Costa Rica; Czechia; Spain; Estonia; Finland; France; Georgia; Greece; Croatia; Ireland; Israel; Italy; Jamaica; Jordan; Kenya; Kosovo; Korea, Republic of; Liberia; Lithuania; Latvia; Morocco; Moldova, Republic of; Maldives; North Macedonia; Malta; Montenegro; New Zealand; Panama; Portugal; Paraguay; Romania; Serbia; Slovakia; Sweden; Tunisia; Uruguay; United States; South Africa",,1,
Anti-Corruption,Extractives,NA,ac_ei_02,EITI Validation Data,Extractive Industries Transparency Initiative (EITI),2025,EITI,Register of licenses,ac_ei_register,2.3,Public accessibility of property rights related to extractive deposits and projects,"EITI uses the following metrics to evaluate this requirement. For OGP purposes, ""Fully met"" or ""Exceeded"" is a Yes, ""Mostly met"" or ""Partly met"" is a Partial"". See how EITI determines these scores below. From EITI: The objective of this requirement is to ensure the public accessibility of comprehensive information on property rights related to extractive deposits and projects.

Exceeded (100 points): All aspects of the requirement, including ‘expected’, ‘encouraged’  and ‘recommended’ aspects, have been implemented and the broader objective of the requirement has been fulfilled through systematic disclosures in government and company systems.

Fully met (90 points): The broader objective of the requirement has been fulfilled, and all required aspects of the requirement have been addressed.

Mostly met (60 points): Significant aspects of the requirement have been implemented, and the broader objective of the requirement is mostly fulfilled.

Partly met (30 points): Significant aspects of the requirement have not been implemented, and the broader objective of the requirement is not fulfilled.

Not met (0 points): All or nearly all aspects of the requirement remain outstanding, and the broader objective of the requirement is far from fulfilled.

",2,Yes; Partial,1,https://eiti.org/guidance-notes/validation-guide-2023-eiti-standard#:~:text=Requirement%202.3%3A%20License%20register,Core,0,0,,,0.64,Albania; Armenia; Burkina Faso; Colombia; Cote d'Ivoire; Dominican Republic; Germany; Ghana; Honduras; Indonesia; Malawi; Mongolia; Norway; Senegal; Sierra Leone; Ukraine; United Kingdom; Zambia,Ecuador; Guatemala; Mexico; Netherlands; Nigeria; Papua New Guinea; Peru; Philippines; Seychelles; Timor-Leste,"Argentina; Australia; Benin; Bulgaria; Bosnia and Herzegovina; Brazil; Canada; Chile; Cabo Verde; Costa Rica; Czechia; Spain; Estonia; Finland; France; Georgia; Greece; Croatia; Ireland; Israel; Italy; Jamaica; Jordan; Kenya; Kosovo; Korea, Republic of; Liberia; Lithuania; Latvia; Morocco; Moldova, Republic of; Maldives; North Macedonia; Malta; Montenegro; New Zealand; Panama; Portugal; Paraguay; Romania; Serbia; Slovakia; Sweden; Tunisia; Uruguay; United States; South Africa",,1,
Anti-Corruption,Extractives,NA,ac_ei_03,EITI Validation Data,Extractive Industries Transparency Initiative (EITI),2025,EITI,Contracts and licenses,ac_ei_contracts,2.4,Public accessibility of all licenses and contracts underpinning extractive activities,"EITI uses the following metrics to evaluate this requirement. For OGP purposes, ""Fully met"" or ""Exceeded"" is a Yes, ""Mostly met"" or ""Partly met"" is a Partial"". See how EITI determines these scores below. From EITI: The objective of this requirement is to ensure the public accessibility of all licenses and contracts underpinning extractive activities (at least from 2021 onwards) as a basis for the public’s understanding of the contractual rights and obligations of companies operating in the country’s extractive industries. The requirement further aims to ensure that contract disclosure is contributing to stakeholders’ ability to monitor compliance with contractual obligations.

Exceeded (100 points): All aspects of the requirement, including ‘expected’, ‘encouraged’  and ‘recommended’ aspects, have been implemented and the broader objective of the requirement has been fulfilled through systematic disclosures in government and company systems.

Fully met (90 points): The broader objective of the requirement has been fulfilled, and all required aspects of the requirement have been addressed.

Mostly met (60 points): Significant aspects of the requirement have been implemented, and the broader objective of the requirement is mostly fulfilled.

Partly met (30 points): Significant aspects of the requirement have not been implemented, and the broader objective of the requirement is not fulfilled.

Not met (0 points): All or nearly all aspects of the requirement remain outstanding, and the broader objective of the requirement is far from fulfilled.

",2,Yes; Partial,1,https://eiti.org/guidance-notes/validation-guide-2023-eiti-standard#:~:text=Requirement%202.4%3A%20Contract%20and%20license%20disclosures,Core,0,0,,,0.31,Armenia; Colombia; Dominican Republic; Guatemala; Honduras; Norway; Peru; Senegal; Zambia,Argentina; Albania; Burkina Faso; Cote d'Ivoire; Ecuador; Germany; Ghana; Indonesia; Malawi; Mexico; Mongolia; Netherlands; Nigeria; Papua New Guinea; Philippines; Seychelles; Sierra Leone; Timor-Leste; Ukraine; United Kingdom,"Australia; Benin; Bulgaria; Bosnia and Herzegovina; Brazil; Canada; Chile; Cabo Verde; Costa Rica; Czechia; Spain; Estonia; Finland; France; Georgia; Greece; Croatia; Ireland; Israel; Italy; Jamaica; Jordan; Kenya; Kosovo; Korea, Republic of; Liberia; Lithuania; Latvia; Morocco; Moldova, Republic of; Maldives; North Macedonia; Malta; Montenegro; New Zealand; Panama; Portugal; Paraguay; Romania; Serbia; Slovakia; Sweden; Tunisia; Uruguay; United States; South Africa",,1,
Anti-Corruption,Extractives,NA,ac_ei_04,EITI Validation Data,Extractive Industries Transparency Initiative (EITI),2025,EITI,Benefical Ownership,ac_ei_bo,2.5,Transparency of who owns and controls the country’s extractive industries,"EITI uses the following metrics to evaluate this requirement. For OGP purposes, ""Fully met"" or ""Exceeded"" is a Yes, ""Mostly met"" or ""Partly met"" is a Partial"". See how EITI determines these scores below. 

From EITI: The objective of this requirement is to enable the public to know who ultimately owns and controls the companies operating in the country’s extractive industries, particularly those identified by the MSG as high-risk, to help deter improper and corrupt practices in the management of extractive resources and to help monitor the ownership of politically exposed persons. 

Exceeded (100 points): All aspects of the requirement, including ‘expected’, ‘encouraged’  and ‘recommended’ aspects, have been implemented and the broader objective of the requirement has been fulfilled through systematic disclosures in government and company systems.

Fully met (90 points): The broader objective of the requirement has been fulfilled, and all required aspects of the requirement have been addressed.

Mostly met (60 points): Significant aspects of the requirement have been implemented, and the broader objective of the requirement is mostly fulfilled.

Partly met (30 points): Significant aspects of the requirement have not been implemented, and the broader objective of the requirement is not fulfilled.

Not met (0 points): All or nearly all aspects of the requirement remain outstanding, and the broader objective of the requirement is far from fulfilled.

",2,Yes; Partial,1,https://eiti.org/guidance-notes/validation-guide-2023-eiti-standard#:~:text=Requirement%202.5%3A%20Beneficial%20ownership,Core,0,0,,,0.11,Armenia; Senegal; United Kingdom,Argentina; Albania; Burkina Faso; Colombia; Cote d'Ivoire; Dominican Republic; Ecuador; Germany; Ghana; Indonesia; Malawi; Mexico; Mongolia; Netherlands; Nigeria; Norway; Papua New Guinea; Peru; Philippines; Seychelles; Sierra Leone; Timor-Leste; Ukraine; Zambia,"Australia; Benin; Bulgaria; Bosnia and Herzegovina; Brazil; Canada; Chile; Cabo Verde; Costa Rica; Czechia; Spain; Estonia; Finland; France; Georgia; Greece; Croatia; Ireland; Israel; Italy; Jamaica; Jordan; Kenya; Kosovo; Korea, Republic of; Liberia; Lithuania; Latvia; Morocco; Moldova, Republic of; Maldives; North Macedonia; Malta; Montenegro; New Zealand; Panama; Portugal; Paraguay; Romania; Serbia; Slovakia; Sweden; Tunisia; Uruguay; United States; South Africa",,1,
Anti-Corruption,Lobbying,Governance,ac_lob_01,Global Data Barometer 2nd Edition,Global Data Barometer,2025,GDB,Collection Requirement,ac_lob_colreq,G.PI.LOBBY.a.EXIST_COLLECTION,"Are there operational laws, policies, or regulations requiring collection of this info in any form?","From GDB: While there are considerable differences in how lobbying activities are defined for reporting purposes—a key impediment to studying lobbying comparatively—there’s widespread consensus on the underlying concept of lobbying. Here we use the International Standards for Lobbying Regulation’s definition: lobbying includes “any direct or indirect communication with a public official that is made, managed, or directed with the purpose of influencing public decision-making;” moreover, as their guidance notes, “a lobbying definition should address commonly known forms of lobbying, where a lobbyist enters into direct contact with a public official, but it should also cover indirect lobbying activities, for example, where lobbyists mobilize other stakeholders to represent their views or hire consultancy firms to do lobbying work on their behalf.” (https://lobbyingtransparency.net/standards/regulatory-scope/).

Increasingly, governments at different levels are establishing frameworks to govern lobbying. Typically these take the form of lobbying registers. Lobbying registers track who engages in and with lobbying, how, and when.

This indicator is based on the presence and strength of legislation, regulations, or policies that govern whether:
-Lobbying registers contain structured data on the activities of lobbyists, clients, and public officials.
-Lobbying registers include a verification process.
-Lobbying registers are regularly updated in a manner that is timely and responsive to lobbying activities.
-Lobbying registers are published.

It's important to note that not every lobbying actor may be located in the same country. If a lobbyist in country A lobbies a local official in country A on behalf of a company located in country B, then lobbying registers in both country A and country B may in theory be expected to contain details of that activity.",1,No; Yes,1,"Method:https://handbook.globaldatabarometer.org/2024/indicators/G.PI.LOBBY/
Data: https://globaldatabarometer.org/",Core,0,1,,,,,,,,1,
Anti-Corruption,Lobbying,Governance,ac_lob_02,Global Data Barometer 2nd Edition,Global Data Barometer,2025,GDB,Publication Requirement,ac_lob_pubreq,G.PI.LOBBY.a.EXIST_PUBLICATION,"Are there operational laws, policies, or regulations requiring publication of this information in any form?","From GDB: While there are considerable differences in how lobbying activities are defined for reporting purposes—a key impediment to studying lobbying comparatively—there’s widespread consensus on the underlying concept of lobbying. Here we use the International Standards for Lobbying Regulation’s definition: lobbying includes “any direct or indirect communication with a public official that is made, managed, or directed with the purpose of influencing public decision-making;” moreover, as their guidance notes, “a lobbying definition should address commonly known forms of lobbying, where a lobbyist enters into direct contact with a public official, but it should also cover indirect lobbying activities, for example, where lobbyists mobilize other stakeholders to represent their views or hire consultancy firms to do lobbying work on their behalf.” (https://lobbyingtransparency.net/standards/regulatory-scope/).

Increasingly, governments at different levels are establishing frameworks to govern lobbying. Typically these take the form of lobbying registers. Lobbying registers track who engages in and with lobbying, how, and when.

This indicator is based on the presence and strength of legislation, regulations, or policies that govern whether:
-Lobbying registers contain structured data on the activities of lobbyists, clients, and public officials.
-Lobbying registers include a verification process.
-Lobbying registers are regularly updated in a manner that is timely and responsive to lobbying activities.
-Lobbying registers are published.

It's important to note that not every lobbying actor may be located in the same country. If a lobbyist in country A lobbies a local official in country A on behalf of a company located in country B, then lobbying registers in both country A and country B may in theory be expected to contain details of that activity.",1,No; Yes,1,"Method:https://handbook.globaldatabarometer.org/2024/indicators/G.PI.LOBBY/
Data: https://globaldatabarometer.org/",Core,0,1,,,,,,,,1,
Anti-Corruption,Lobbying,Transparency,ac_lob_03,Global Data Barometer 2nd Edition,Global Data Barometer,2025,GDB,Data Online,ac_lob_online,A.PI.LOBBY.a.ONLINE,Is this data available online in any form?,"From GDB: A lobbying register should include details on lobbyists, lobbying clients, and public officials, and track the contacts and transactions that occur between lobbyists and public officials, including when, with regard to what matters, how much money is expended, and for what goals. A register should include both regular updates and updates that are responsive to lobbying activities. The best lobbying registers are rigorously reviewed and validated, either by an agency with a mandate to investigate reports and sanction violations, through cross-verification of a public official's and lobbyist's records, or both.

Although lobbying scandals occur worldwide, relatively few countries currently have frameworks that govern lobbying activities. The frameworks—and consequently datasets—that do exist appear across levels of government; in some cases multiple frameworks exist at the same level of government.

",1,No; Yes,1,"Method: https://handbook.globaldatabarometer.org/2024/indicators/A.PI.LOBBY/
Data: https://globaldatabarometer.org/",Core,0,0,,,,,,,,1,
Anti-Corruption,Open Contracting,Legal Requirements,ac_oc_01,Global Data Barometer 2nd Edition,Global Data Barometer,2025,GDB,Collection Requirement,ac_oc_colreq,G.PROCUREMENT.OC.a.EXIST_COLLECTION,"Are there operational laws, policies, or regulations requiring collection of this info in any form?","From GDB: Many governments spend a substantial proportion of their budget through procurement: contracting with private sector providers to supply goods and services or undertake public works (e.g., construction projects). Almost all public agencies, from central to local government, will carry out procurement at some point.

Procurement involves a number of stages, from planning, to tender (inviting bids), award (issuing a contract), and implementation (monitoring performance of the contract). In some cases, governments may award contracts without a bidding process, or through some special negotiated procedure.

Procurement laws, regulations, policies and guidance describe the processes through which governments should enter into contracts and the information on different stages of the procurement that should be disclosed. Many of these require publication of planning and tender documents, and some require publication of details of contract award and performance information. In some cases, countries have different rules for goods and services and for public works; there may also be different rules around publishing information related to direct awards and special procedures.

This indicator is specifically focused on whether national procurement laws, regulations, policies, or guidance support publication of structured and open data. In general, this will only be possible where there are requirements for procuring entities either to use common data standards/systems, or to submit data to a central platform.",1,No; Yes,1,"Method: https://handbook.globaldatabarometer.org/2024/indicators/G.PROCUREMENT.OC/
Data: https://globaldatabarometer.org/",Core,0,1,,,1.00,Argentina; Benin; Burkina Faso; Brazil; Chile; Cote d'Ivoire; Colombia; Costa Rica; Dominican Republic; Ecuador; Ghana; Guatemala; Honduras; Jamaica; Kenya; Liberia; Morocco; Mexico; Malawi; Nigeria; Panama; Peru; Paraguay; Senegal; Sierra Leone; Tunisia; Uruguay; South Africa,None,"Albania; Armenia; Australia; Bulgaria; Bosnia and Herzegovina; Canada; Cabo Verde; Czechia; Germany; Spain; Estonia; Finland; France; United Kingdom; Georgia; Greece; Croatia; Indonesia; Ireland; Israel; Italy; Jordan; Kosovo; Korea, Republic of; Lithuania; Latvia; Moldova, Republic of; Maldives; North Macedonia; Malta; Montenegro; Mongolia; Netherlands; Norway; New Zealand; Philippines; Papua New Guinea; Portugal; Romania; Serbia; Slovakia; Sweden; Seychelles; Timor-Leste; Ukraine; United States; Zambia",,1,
Anti-Corruption,Open Contracting,Legal Requirements,ac_oc_02,Global Data Barometer 2nd Edition,Global Data Barometer,2025,GDB,Publication Requirement,ac_oc_pubreq,G.PROCUREMENT.OC.a.EXIST_PUBLICATION,"Are there operational laws, policies, or regulations requiring publication of this information in any form?","From GDB: Many governments spend a substantial proportion of their budget through procurement: contracting with private sector providers to supply goods and services or undertake public works (e.g., construction projects). Almost all public agencies, from central to local government, will carry out procurement at some point.

Procurement involves a number of stages, from planning, to tender (inviting bids), award (issuing a contract), and implementation (monitoring performance of the contract). In some cases, governments may award contracts without a bidding process, or through some special negotiated procedure.

Procurement laws, regulations, policies and guidance describe the processes through which governments should enter into contracts and the information on different stages of the procurement that should be disclosed. Many of these require publication of planning and tender documents, and some require publication of details of contract award and performance information. In some cases, countries have different rules for goods and services and for public works; there may also be different rules around publishing information related to direct awards and special procedures.

This indicator is specifically focused on whether national procurement laws, regulations, policies, or guidance support publication of structured and open data. In general, this will only be possible where there are requirements for procuring entities either to use common data standards/systems, or to submit data to a central platform.",1,No; Yes,1,"Method: https://handbook.globaldatabarometer.org/2024/indicators/G.PROCUREMENT.OC/
Data: https://globaldatabarometer.org/",Core,0,1,,,1.00,Argentina; Benin; Burkina Faso; Brazil; Chile; Cote d'Ivoire; Colombia; Costa Rica; Dominican Republic; Ecuador; Ghana; Guatemala; Honduras; Jamaica; Kenya; Liberia; Morocco; Mexico; Malawi; Nigeria; Panama; Peru; Paraguay; Senegal; Sierra Leone; Tunisia; Uruguay; South Africa,None,"Albania; Armenia; Australia; Bulgaria; Bosnia and Herzegovina; Canada; Cabo Verde; Czechia; Germany; Spain; Estonia; Finland; France; United Kingdom; Georgia; Greece; Croatia; Indonesia; Ireland; Israel; Italy; Jordan; Kosovo; Korea, Republic of; Lithuania; Latvia; Moldova, Republic of; Maldives; North Macedonia; Malta; Montenegro; Mongolia; Netherlands; Norway; New Zealand; Philippines; Papua New Guinea; Portugal; Romania; Serbia; Slovakia; Sweden; Seychelles; Timor-Leste; Ukraine; United States; Zambia",,1,
Anti-Corruption,Open Contracting,Transparency,ac_oc_03,Global Data Barometer 2nd Edition,Global Data Barometer,2025,GDB,Data Online,ac_pp_online,A.PROCUREMENT.OC.a.ONLINE,Is this data available online in any form?,"From GDB: Governments enter into many different contracts for the provision of goods, services, and public works. They may publish data about these contracts in tender lists or through contract finder websites, procurement portals, or open data portals.

In some countries, public procurement data may be held in a single system. In others, different stages of the procurement process—planning, tender (inviting bids), award (issuing a contract), implementation (monitoring performance of the contract)—may be held in different datasets, and a government may publish ""notices,"" with or without identifiers, that make it possible to connect data from different stages of the procurement process.",1,No; Yes,1,"Method: https://handbook.globaldatabarometer.org/2024/indicators/A.PROCUREMENT.OC/
Data: https://globaldatabarometer.org/",Core,0,0,,,1.00,Argentina; Benin; Burkina Faso; Brazil; Chile; Cote d'Ivoire; Colombia; Costa Rica; Dominican Republic; Ecuador; Ghana; Guatemala; Honduras; Jamaica; Kenya; Liberia; Morocco; Mexico; Malawi; Nigeria; Panama; Peru; Paraguay; Senegal; Sierra Leone; Tunisia; Uruguay; South Africa,None,"Albania; Armenia; Australia; Bulgaria; Bosnia and Herzegovina; Canada; Cabo Verde; Czechia; Germany; Spain; Estonia; Finland; France; United Kingdom; Georgia; Greece; Croatia; Indonesia; Ireland; Israel; Italy; Jordan; Kosovo; Korea, Republic of; Lithuania; Latvia; Moldova, Republic of; Maldives; North Macedonia; Malta; Montenegro; Mongolia; Netherlands; Norway; New Zealand; Philippines; Papua New Guinea; Portugal; Romania; Serbia; Slovakia; Sweden; Seychelles; Timor-Leste; Ukraine; United States; Zambia",,1,
Anti-Corruption,Open Contracting,Transparency,ac_oc_10,Global Data Barometer 2nd Edition,Global Data Barometer,2025,GDB,Tenders & Awards,ac_oc_tenderaward,A.PROCUREMENT.OC.e.e1.TENDER; A.PROCUREMENT.OC.e.e1.AWARD,Is any data published online on tenders AND awards? ,"From GDB: Governments enter into many different contracts for the provision of goods, services, and public works. They may publish data about these contracts in tender lists or through contract finder websites, procurement portals, or open data portals.

In some countries, public procurement data may be held in a single system. In others, different stages of the procurement process—planning, tender (inviting bids), award (issuing a contract), implementation (monitoring performance of the contract)—may be held in different datasets, and a government may publish ""notices,"" with or without identifiers, that make it possible to connect data from different stages of the procurement process.",2,No; Partial; Yes,1,"Method: https://handbook.globaldatabarometer.org/2024/indicators/A.PROCUREMENT.OC/
Data: https://globaldatabarometer.org/",Core,0,0,,,0.96,Argentina; Benin; Burkina Faso; Brazil; Chile; Cote d'Ivoire; Colombia; Costa Rica; Dominican Republic; Ecuador; Ghana; Guatemala; Honduras; Jamaica; Kenya; Liberia; Morocco; Mexico; Malawi; Nigeria; Panama; Peru; Paraguay; Sierra Leone; Tunisia; Uruguay; South Africa,Senegal,"Albania; Armenia; Australia; Bulgaria; Bosnia and Herzegovina; Canada; Cabo Verde; Czechia; Germany; Spain; Estonia; Finland; France; United Kingdom; Georgia; Greece; Croatia; Indonesia; Ireland; Israel; Italy; Jordan; Kosovo; Korea, Republic of; Lithuania; Latvia; Moldova, Republic of; Maldives; North Macedonia; Malta; Montenegro; Mongolia; Netherlands; Norway; New Zealand; Philippines; Papua New Guinea; Portugal; Romania; Serbia; Slovakia; Sweden; Seychelles; Timor-Leste; Ukraine; United States; Zambia",,,
Anti-Corruption,Open Contracting,Transparency,ac_oc_11,Global Data Barometer 2nd Edition,Global Data Barometer,2025,GDB,Planning,ac_oc_plan,A.PROCUREMENT.OC.e.e1.PLANNING,Is any data published online on the planning phase?,"From GDB: Governments enter into many different contracts for the provision of goods, services, and public works. They may publish data about these contracts in tender lists or through contract finder websites, procurement portals, or open data portals.

In some countries, public procurement data may be held in a single system. In others, different stages of the procurement process—planning, tender (inviting bids), award (issuing a contract), implementation (monitoring performance of the contract)—may be held in different datasets, and a government may publish ""notices,"" with or without identifiers, that make it possible to connect data from different stages of the procurement process.",2,No; Partial; Yes,1,"Method: https://handbook.globaldatabarometer.org/2024/indicators/A.PROCUREMENT.OC/
Data: https://globaldatabarometer.org/",Core,1,1,Combines tender and award (must meet both),,0.64,Argentina; Benin; Burkina Faso; Brazil; Cote d'Ivoire; Colombia; Dominican Republic; Ecuador; Honduras; Kenya; Liberia; Nigeria; Panama; Peru; Paraguay; Senegal; Sierra Leone; South Africa,Chile; Costa Rica; Ghana; Guatemala; Jamaica; Morocco; Mexico; Malawi; Tunisia; Uruguay,"Albania; Armenia; Australia; Bulgaria; Bosnia and Herzegovina; Canada; Cabo Verde; Czechia; Germany; Spain; Estonia; Finland; France; United Kingdom; Georgia; Greece; Croatia; Indonesia; Ireland; Israel; Italy; Jordan; Kosovo; Korea, Republic of; Lithuania; Latvia; Moldova, Republic of; Maldives; North Macedonia; Malta; Montenegro; Mongolia; Netherlands; Norway; New Zealand; Philippines; Papua New Guinea; Portugal; Romania; Serbia; Slovakia; Sweden; Seychelles; Timor-Leste; Ukraine; United States; Zambia",,,
Anti-Corruption,Open Contracting,Transparency,ac_oc_12,Global Data Barometer 2nd Edition,Global Data Barometer,2025,GDB,Implementation,ac_oc_implement,A.PROCUREMENT.OC.e.e1.IMPLEMENTATION,Is any data published online on the implementation of contracts?,"From GDB: Governments enter into many different contracts for the provision of goods, services, and public works. They may publish data about these contracts in tender lists or through contract finder websites, procurement portals, or open data portals.

In some countries, public procurement data may be held in a single system. In others, different stages of the procurement process—planning, tender (inviting bids), award (issuing a contract), implementation (monitoring performance of the contract)—may be held in different datasets, and a government may publish ""notices,"" with or without identifiers, that make it possible to connect data from different stages of the procurement process.",2,No; Partial; Yes,1,"Method: https://handbook.globaldatabarometer.org/2024/indicators/A.PROCUREMENT.OC/
Data: https://globaldatabarometer.org/",Core,0,0,,,0.18,Chile; Cote d'Ivoire; Ecuador; Nigeria; Paraguay,Argentina; Benin; Burkina Faso; Brazil; Colombia; Costa Rica; Dominican Republic; Ghana; Guatemala; Honduras; Jamaica; Kenya; Liberia; Morocco; Mexico; Malawi; Panama; Peru; Senegal; Sierra Leone; Tunisia; Uruguay; South Africa,"Albania; Armenia; Australia; Bulgaria; Bosnia and Herzegovina; Canada; Cabo Verde; Czechia; Germany; Spain; Estonia; Finland; France; United Kingdom; Georgia; Greece; Croatia; Indonesia; Ireland; Israel; Italy; Jordan; Kosovo; Korea, Republic of; Lithuania; Latvia; Moldova, Republic of; Maldives; North Macedonia; Malta; Montenegro; Mongolia; Netherlands; Norway; New Zealand; Philippines; Papua New Guinea; Portugal; Romania; Serbia; Slovakia; Sweden; Seychelles; Timor-Leste; Ukraine; United States; Zambia",,,
Anti-Corruption,Political Finance,Transparency,ac_pf_01,Global Data Barometer 2nd Edition,Global Data Barometer,2025,GDB,Data Online,ac_pf_online,A.PI.POLFIN.a.ONLINE,Is this data available online in any form?,"From GDB: Political finance data should provide a comprehensive overview of the financial state of political parties and political campaigns, including their income, assets, and liabilities. Further, whether financial support comes from donations, membership fees, or public funding, data should show clearly from whom political parties, candidates, and third parties (that is, non-contestants who seek to influence the election result) raise money, how much money, and how that money is spent.

Political finance data should be available to members of a public for free, have appropriate language coverage, and include both regular updates and updates that are responsive to campaign schedules. If verification is not standard across all data, datasets should show which data have been verified and which have not.

Among other functions, it should be possible to use political finance data to verify that political parties, candidates, and third parties are not receiving financial support from any entities that may be banned under the country's laws (for example, this often includes foreign entities).",1,No; Yes,1,"Method: https://handbook.globaldatabarometer.org/2024/indicators/A.PI.POLFIN/
Data: https://globaldatabarometer.org/",Core,0,0,,,,,,,,1,
Anti-Corruption,Political Finance,Disclosure Requirements,ac_pf_02,Global Data Barometer 2nd Edition,Global Data Barometer,2025,GDB,Collection Requirement,ac_pf_colreq,G.PI.POLFIN.a.EXIST_COLLECTION,"Are there operational laws, policies, or regulations requiring collection of this info in any form?","From GDB: This indicator examines frameworks that require political parties and political campaigns—whether run by candidates or third parties (that is, non-contestants who seek to influence the election result)—to disclose information about how they raise and spend money. Financial support may come from various sources, including donations, membership fees, and public funding.

This indicator is based on the presence and strength of legislation, regulations, or policies that govern whether:

Party and campaign finance data is collected and maintained as structured, open data across the whole country.

Financial disclosures contain structured data on income, spending, assets, and debts.

Financial disclosures are updated in a timely fashion; this includes both regular updates and updates that are responsive to campaign-based schedules.

Financial disclosures are published.

A mandate is given to an independent agency or institution to examine financial reports and/or investigate violations",1,No; Yes,1,"Method: https://handbook.globaldatabarometer.org/2024/indicators/G.PI.POLFIN/
Data: https://globaldatabarometer.org/",Core,0,1,,,0.96,Argentina; Benin; Burkina Faso; Brazil; Chile; Cote d'Ivoire; Colombia; Costa Rica; Dominican Republic; Ecuador; Ghana; Guatemala; Honduras; Jamaica; Kenya; Liberia; Morocco; Mexico; Malawi; Nigeria; Panama; Peru; Paraguay; Sierra Leone; Tunisia; Uruguay; South Africa,Senegal,"Albania; Armenia; Australia; Bulgaria; Bosnia and Herzegovina; Canada; Cabo Verde; Czechia; Germany; Spain; Estonia; Finland; France; United Kingdom; Georgia; Greece; Croatia; Indonesia; Ireland; Israel; Italy; Jordan; Kosovo; Korea, Republic of; Lithuania; Latvia; Moldova, Republic of; Maldives; North Macedonia; Malta; Montenegro; Mongolia; Netherlands; Norway; New Zealand; Philippines; Papua New Guinea; Portugal; Romania; Serbia; Slovakia; Sweden; Seychelles; Timor-Leste; Ukraine; United States; Zambia",,1,
Anti-Corruption,Political Finance,Disclosure Requirements,ac_pf_03,Global Data Barometer 2nd Edition,Global Data Barometer,2025,GDB,Publication Requirement,ac_pf_pubreq,G.PI.POLFIN.a.EXIST_PUBLICATION,"Are there operational laws, policies, or regulations requiring publication of this information in any form?","From GDB: This indicator examines frameworks that require political parties and political campaigns—whether run by candidates or third parties (that is, non-contestants who seek to influence the election result)—to disclose information about how they raise and spend money. Financial support may come from various sources, including donations, membership fees, and public funding.

This indicator is based on the presence and strength of legislation, regulations, or policies that govern whether:

Party and campaign finance data is collected and maintained as structured, open data across the whole country.

Financial disclosures contain structured data on income, spending, assets, and debts.

Financial disclosures are updated in a timely fashion; this includes both regular updates and updates that are responsive to campaign-based schedules.

Financial disclosures are published.

A mandate is given to an independent agency or institution to examine financial reports and/or investigate violations",1,No; Yes,1,"Method: https://handbook.globaldatabarometer.org/2024/indicators/G.PI.POLFIN/
Data: https://globaldatabarometer.org/",Core,0,1,,,0.89,Argentina; Benin; Burkina Faso; Brazil; Chile; Colombia; Costa Rica; Dominican Republic; Ecuador; Ghana; Guatemala; Honduras; Jamaica; Kenya; Liberia; Morocco; Mexico; Nigeria; Panama; Peru; Paraguay; Sierra Leone; Tunisia; Uruguay; South Africa,Cote d'Ivoire; Malawi; Senegal,"Albania; Armenia; Australia; Bulgaria; Bosnia and Herzegovina; Canada; Cabo Verde; Czechia; Germany; Spain; Estonia; Finland; France; United Kingdom; Georgia; Greece; Croatia; Indonesia; Ireland; Israel; Italy; Jordan; Kosovo; Korea, Republic of; Lithuania; Latvia; Moldova, Republic of; Maldives; North Macedonia; Malta; Montenegro; Mongolia; Netherlands; Norway; New Zealand; Philippines; Papua New Guinea; Portugal; Romania; Serbia; Slovakia; Sweden; Seychelles; Timor-Leste; Ukraine; United States; Zambia",,1,
Digital Governance,Data Protection and Privacy,NA,dg_priv_01,Global Index on Responsible AI 1st Edition,Global Index on Responsible AI,2024,GIRAI,Frameworks,dg_priv_frame,Data Protection and Privacy: fr_doc1_existence_text,"Are there national/federal laws, regulations, policies, strategies, plans and/or guidelines that specifically speak to AI in this area?","For the purpose of this indicator, frameworks addressing this thematic area include:

1) Non-binding frameworks that provide guidelines, principles, recommendations, which are voluntary measures that implementers should follow, but are not required to.
2) Policies, strategies, long term strategic plans, etc. that articulate the approach adopted by the government and are expected to be accomplished.
3) Legally enforceable frameworks such as laws, by-laws, decrees, resolutions and other types of regulations.

From GIRAI:

The right to privacy is defined as the right of a person ‘to be free from intrusion into or publicity concerning matters of a personal nature’ by government and/or third parties, including private entities or individuals. While the right to privacy has been provided for under various legal traditions, it first found expression as a human right in 1948 when the UN General Assembly adopted Article 12 of the Universal Declaration of Human Rights (UDHR), before being enshrined as an individual right in Article 17 of the International Covenant on Civil and Political Rights (ICCPR). It is worth noting that the right to privacy is not an absolute right and can be limited under circumstances provided for in law, such as the protection of national security interests or in the prevention and prosecution of criminal matters.

The right to privacy has evolved to include information privacy, which is defined as the right of an individual to have control over who has access to their personal data and for what purpose. The UNESCO Principles on Personal Data Protection and Privacy define personal data as “any information relating to an individual (data subject) who can be identified from that data, either directly or indirectly” by referencing the data and by other “reasonably likely measures” that is processed by AI tools and systems.

Accordingly, the right to privacy, specifically information privacy, data protection, and data processing are closely linked. Data protection is one of the ways the right to privacy is protected by regulating the processing of personal data and information, and establishing accountability mechanisms when personal data is misused. Data processing is defined as ‘a series of manual, automatic, or electronic operations such as validating, sorting, summarising and aggregating data’ which are ‘usually followed by data retrieval, transformation, classification, analysis and reporting’.



",1,Has a framework; Developing a Framework; No framework,1,"Method: https://drive.google.com/file/d/1LPE9nEoq5oprQEpJLSaXrQPuGV1cyusd/view
Thematic Overview: https://drive.google.com/file/d/1C7gap7hUXyURi0cpAj0HMWktRWmYlEYa/view",Core,0,1,"Condenses framework question into whether it exists or not, regardless of legal status (e.g. binding vs non-binding)",,0.64,"Australia; Benin; Brazil; Bulgaria; Burkina Faso; Chile; Colombia; Croatia; Dominican Republic; Estonia; Finland; France; Georgia; Germany; Greece; Ireland; Italy; Jordan; Latvia; Lithuania; Mexico; Mongolia; Morocco; Netherlands; New Zealand; Nigeria; North Macedonia; Philippines; Portugal; Korea, Republic of; Romania; Senegal; Serbia; Slovakia; South Africa; Spain; Ukraine; United Kingdom; United States; Uruguay; Zambia","Albania; Argentina; Armenia; Canada; Costa Rica; Cote d'Ivoire; Ecuador; Ghana; Guatemala; Honduras; Indonesia; Jamaica; Kenya; Kosovo; Liberia; Malawi; Montenegro; Panama; Paraguay; Peru; Moldova, Republic of; Sierra Leone; Tunisia",Bosnia and Herzegovina; Cabo Verde; Czechia; Israel; Maldives; Malta; Norway; Papua New Guinea; Sweden; Seychelles; Timor-Leste,"Spain: Organic Law 3/2018 Regarding the Protection of Personal Data and Guarantees of Digital Rights        
URL(s): https://www.boe.es/buscar/act.php?id=BOE-A-2018-16673",1,
Digital Governance,Data Protection and Privacy,NA,dg_priv_02,Global Index on Responsible AI 1st Edition,Global Index on Responsible AI,2024,GIRAI,Legal Status,dg_priv_legal,Data Protection and Privacy: fr_doc1_type_text,Is there a legally binding or enforceable framework?,"From GIRAI:

The right to privacy is defined as the right of a person ‘to be free from intrusion into or publicity concerning matters of a personal nature’ by government and/or third parties, including private entities or individuals. While the right to privacy has been provided for under various legal traditions, it first found expression as a human right in 1948 when the UN General Assembly adopted Article 12 of the Universal Declaration of Human Rights (UDHR), before being enshrined as an individual right in Article 17 of the International Covenant on Civil and Political Rights (ICCPR). It is worth noting that the right to privacy is not an absolute right and can be limited under circumstances provided for in law, such as the protection of national security interests or in the prevention and prosecution of criminal matters.

The right to privacy has evolved to include information privacy, which is defined as the right of an individual to have control over who has access to their personal data and for what purpose. The UNESCO Principles on Personal Data Protection and Privacy define personal data as “any information relating to an individual (data subject) who can be identified from that data, either directly or indirectly” by referencing the data and by other “reasonably likely measures” that is processed by AI tools and systems.

Accordingly, the right to privacy, specifically information privacy, data protection, and data processing are closely linked. Data protection is one of the ways the right to privacy is protected by regulating the processing of personal data and information, and establishing accountability mechanisms when personal data is misused. Data processing is defined as ‘a series of manual, automatic, or electronic operations such as validating, sorting, summarising and aggregating data’ which are ‘usually followed by data retrieval, transformation, classification, analysis and reporting’.



",1,No; Yes,1,"Method: https://drive.google.com/file/d/1LPE9nEoq5oprQEpJLSaXrQPuGV1cyusd/view
Thematic Overview: https://drive.google.com/file/d/1C7gap7hUXyURi0cpAj0HMWktRWmYlEYa/view",Core,0,1,"Collapses ""legally-enforceable frameworks"" and ""binding frameworks"" into a single question",,0.56,Australia; Benin; Brazil; Bulgaria; Burkina Faso; Chile; Colombia; Croatia; Dominican Republic; Estonia; Finland; France; Georgia; Germany; Greece; Ireland; Italy; Latvia; Lithuania; Mexico; Morocco; Netherlands; Nigeria; North Macedonia; Philippines; Portugal; Romania; Senegal; Serbia; Slovakia; South Africa; Spain; Ukraine; United Kingdom; Uruguay; Zambia,"Albania; Argentina; Armenia; Canada; Costa Rica; Cote d'Ivoire; Ecuador; Ghana; Guatemala; Honduras; Indonesia; Jamaica; Jordan; Kenya; Kosovo; Liberia; Malawi; Mongolia; Montenegro; New Zealand; Panama; Paraguay; Peru; Korea, Republic of; Moldova, Republic of; Sierra Leone; Tunisia; United States",Bosnia and Herzegovina; Cabo Verde; Czechia; Israel; Maldives; Malta; Norway; Papua New Guinea; Sweden; Seychelles; Timor-Leste,,1,
Digital Governance,Gender Equality,NA,dg_gend_01,Global Index on Responsible AI 1st Edition,Global Index on Responsible AI,2024,GIRAI,Frameworks,dg_gend_frame,Gender Equality: fr_doc1_existence_text,"Are there national/federal laws, regulations, policies, strategies, plans and/or guidelines that specifically speak to AI in this area?","For the purpose of this indicator, frameworks addressing this thematic area include:

1) Non-binding frameworks that provide guidelines, principles, recommendations, which are voluntary measures that implementers should follow, but are not required to.
2) Policies, strategies, long term strategic plans, etc. that articulate the approach adopted by the government and are expected to be accomplished.
3) Legally enforceable frameworks such as laws, by-laws, decrees, resolutions and other types of regulations.

From GIRAI:

Gender equality is defined as the granting of “equal rights, responsibilities and opportunities"" to people of all gender identities, which extends beyond the traditional binary concept of equality between women and men, and girls and boys. Accordingly, gender does not only refer to the biological sex assigned to a person at birth, but also incorporates how a person identifies as being male, female, or somewhere outside the binary. In this regard, the right to gender equality not only includes protections for women and girls, but also for persons who identify as non-binary (including gender queer, gender fluid), transgender, and/or intersex, as well as sexual minorities (homosexuals, bisexuals, asexuals, etc.).

Traditionally, the right to gender equality was framed within the right to be free from discrimination on the basis of ‘sex’, which has been invoked to provide women and girls with equal protection under the law and access to the same economic, social and political opportunities as men as boys. This is the language reflected in the Universal Declaration of Human Rights (UDHR), Convention on the Elimination of Discrimination Against Women (CEDAW), International Covenant on Civil and Political Rights, and the Sustainable Development Goals (SDGs). While these frameworks are important tools for protecting the rights of women and girls, the use of binary language poses the risk of ignoring the rights of gender non-conforming persons and sexual minorities altogether.",1,Has a framework; Developing a Framework; No framework,1,"Method: https://drive.google.com/file/d/1LPE9nEoq5oprQEpJLSaXrQPuGV1cyusd/view
Thematic Overview: https://drive.google.com/file/d/10CKhUlPWmRfx2wPNtUDyrLR5Tn9Ho4_-/view",Core,0,1,"Condenses framework question into whether it exists or not, regardless of legal status (e.g. binding vs non-binding)",,0.28,Australia; Brazil; Bulgaria; Canada; Chile; Croatia; Dominican Republic; Germany; Greece; Ireland; Italy; Jordan; Netherlands; Portugal; Senegal; Serbia; Spain; United States,"Albania; Argentina; Armenia; Benin; Burkina Faso; Colombia; Costa Rica; Cote d'Ivoire; Ecuador; Estonia; Finland; France; Georgia; Ghana; Guatemala; Honduras; Indonesia; Jamaica; Kenya; Kosovo; Latvia; Liberia; Lithuania; Malawi; Mexico; Mongolia; Montenegro; Morocco; New Zealand; Nigeria; North Macedonia; Panama; Paraguay; Peru; Philippines; Korea, Republic of; Moldova, Republic of; Romania; Sierra Leone; Slovakia; South Africa; Tunisia; Ukraine; United Kingdom; Uruguay; Zambia",Bosnia and Herzegovina; Cabo Verde; Czechia; Israel; Maldives; Malta; Norway; Papua New Guinea; Sweden; Seychelles; Timor-Leste,"Spain: National Strategy for AI        
URL(s):https://portal.mineco.gob.es/RecursosArticulo/mineco/ministerio/ficheros/National-Strategy-on-AI.pdf",1,
Digital Governance,Gender Equality,NA,dg_gend_02,Global Index on Responsible AI 1st Edition,Global Index on Responsible AI,2024,GIRAI,Legal Status,dg_gend_legal,Gender Equality: fr_doc1_type_text,Is there a legally binding or enforceable framework?,"From GIRAI:

Gender equality is defined as the granting of “equal rights, responsibilities and opportunities"" to people of all gender identities, which extends beyond the traditional binary concept of equality between women and men, and girls and boys. Accordingly, gender does not only refer to the biological sex assigned to a person at birth, but also incorporates how a person identifies as being male, female, or somewhere outside the binary. In this regard, the right to gender equality not only includes protections for women and girls, but also for persons who identify as non-binary (including gender queer, gender fluid), transgender, and/or intersex, as well as sexual minorities (homosexuals, bisexuals, asexuals, etc.).

Traditionally, the right to gender equality was framed within the right to be free from discrimination on the basis of ‘sex’, which has been invoked to provide women and girls with equal protection under the law and access to the same economic, social and political opportunities as men as boys. This is the language reflected in the Universal Declaration of Human Rights (UDHR), Convention on the Elimination of Discrimination Against Women (CEDAW), International Covenant on Civil and Political Rights, and the Sustainable Development Goals (SDGs). While these frameworks are important tools for protecting the rights of women and girls, the use of binary language poses the risk of ignoring the rights of gender non-conforming persons and sexual minorities altogether.",1,No; Yes,1,"Method: https://drive.google.com/file/d/1LPE9nEoq5oprQEpJLSaXrQPuGV1cyusd/view
Thematic Overview: https://drive.google.com/file/d/10CKhUlPWmRfx2wPNtUDyrLR5Tn9Ho4_-/view",Core,0,1,"Collapses ""legally-enforceable frameworks"" and ""binding frameworks"" into a single question",,0.22,Australia; Brazil; Bulgaria; Canada; Chile; Croatia; Dominican Republic; Greece; Ireland; Italy; Netherlands; Senegal; Spain; United States,"Albania; Argentina; Armenia; Benin; Burkina Faso; Colombia; Costa Rica; Cote d'Ivoire; Ecuador; Estonia; Finland; France; Georgia; Germany; Ghana; Guatemala; Honduras; Indonesia; Jamaica; Jordan; Kenya; Kosovo; Latvia; Liberia; Lithuania; Malawi; Mexico; Mongolia; Montenegro; Morocco; New Zealand; Nigeria; North Macedonia; Panama; Paraguay; Peru; Philippines; Portugal; Korea, Republic of; Moldova, Republic of; Romania; Serbia; Sierra Leone; Slovakia; South Africa; Tunisia; Ukraine; United Kingdom; Uruguay; Zambia",Bosnia and Herzegovina; Cabo Verde; Czechia; Israel; Maldives; Malta; Norway; Papua New Guinea; Sweden; Seychelles; Timor-Leste,,1,
Digital Governance,Impact Assessments,NA,dg_impact_01,Global Index on Responsible AI 1st Edition,Global Index on Responsible AI,2024,GIRAI,Frameworks,dg_impact_frame,Impact Assessments: fr_doc1_existence_text,"Are there national/federal laws, regulations, policies, strategies, plans and/or guidelines that specifically speak to AI in this area?","For the purpose of this indicator, frameworks addressing this thematic area include:

1) Non-binding frameworks that provide guidelines, principles, recommendations, which are voluntary measures that implementers should follow, but are not required to.
2) Policies, strategies, long term strategic plans, etc. that articulate the approach adopted by the government and are expected to be accomplished.
3) Legally enforceable frameworks such as laws, by-laws, decrees, resolutions and other types of regulations.

From GIRAI:

An impact assessment can be defined as ‘a structured process for considering the implications, for people and their environment, of proposed actions while there is still an opportunity to modify [or abandon] the proposed actions’ if the impact they pose contains a potential or actual threat of harm. Harm, in this context, can be defined as ‘a wrongful setback or injury’ and, in legal terms, is often expressed as a ‘violation of an interest’. It is also important to note that harms can occur at the individual, communal, and societal levels.

In the context of AI, impact assessments can be used as a tool for both predicting the anticipated, and assessing the actual, consequences of an AI system in terms of benefits and harms. When assessing anticipated risks, impact assessments require users of AI technologies to consider the type and scope of impact before and after deployment.

Accordingly, it is useful to think about impact assessments in terms of two types: ex-ante impact assessment and ex-post impact assessments.

Ex-ante impact assessment: involves an analysis of the potential benefits and harms of an AI system in a particular context and for a specific purpose prior to making the decision to deploy.

Ex-post impact assessment: involves an analysis of the actual benefits and harms imposed by an AI system after making the decision to deploy. ",1,Has a framework; Developing a Framework; No framework,1,"Method: https://drive.google.com/file/d/1LPE9nEoq5oprQEpJLSaXrQPuGV1cyusd/view
Thematic Overview: https://drive.google.com/file/d/1_gZIA0LoZPEHfEFye72qqNNcuo8SMPOP/view",Core,0,1,"Condenses framework question into whether it exists or not, regardless of legal status (e.g. binding vs non-binding)",,0.45,"Argentina; Brazil; Bulgaria; Canada; Croatia; Estonia; Finland; France; Georgia; Germany; Greece; Ireland; Italy; Jordan; Latvia; Lithuania; Netherlands; New Zealand; North Macedonia; Portugal; Korea, Republic of; Romania; Senegal; Serbia; Slovakia; Spain; United Kingdom; United States; Uruguay","Albania; Armenia; Australia; Benin; Burkina Faso; Chile; Colombia; Costa Rica; Cote d'Ivoire; Dominican Republic; Ecuador; Ghana; Guatemala; Honduras; Indonesia; Jamaica; Kenya; Kosovo; Liberia; Malawi; Mexico; Mongolia; Montenegro; Morocco; Nigeria; Panama; Paraguay; Peru; Philippines; Moldova, Republic of; Sierra Leone; South Africa; Tunisia; Ukraine; Zambia",Bosnia and Herzegovina; Cabo Verde; Czechia; Israel; Maldives; Malta; Norway; Papua New Guinea; Sweden; Seychelles; Timor-Leste,"Spain: The General Data Protection Regulation
URL(s): https://gdpr-info.eu/",1,
Digital Governance,Impact Assessments,NA,dg_impact_02,Global Index on Responsible AI 1st Edition,Global Index on Responsible AI,2024,GIRAI,Legal Status,dg_impact_legal,Impact Assessments: fr_doc1_type_text,Is there a legally binding or enforceable framework?,"From GIRAI:

An impact assessment can be defined as ‘a structured process for considering the implications, for people and their environment, of proposed actions while there is still an opportunity to modify [or abandon] the proposed actions’ if the impact they pose contains a potential or actual threat of harm. Harm, in this context, can be defined as ‘a wrongful setback or injury’ and, in legal terms, is often expressed as a ‘violation of an interest’. It is also important to note that harms can occur at the individual, communal, and societal levels.

In the context of AI, impact assessments can be used as a tool for both predicting the anticipated, and assessing the actual, consequences of an AI system in terms of benefits and harms. When assessing anticipated risks, impact assessments require users of AI technologies to consider the type and scope of impact before and after deployment.

Accordingly, it is useful to think about impact assessments in terms of two types: ex-ante impact assessment and ex-post impact assessments.

Ex-ante impact assessment: involves an analysis of the potential benefits and harms of an AI system in a particular context and for a specific purpose prior to making the decision to deploy.

Ex-post impact assessment: involves an analysis of the actual benefits and harms imposed by an AI system after making the decision to deploy. ",1,No; Yes,1,"Method: https://drive.google.com/file/d/1LPE9nEoq5oprQEpJLSaXrQPuGV1cyusd/view
Thematic Overview: https://drive.google.com/file/d/1LPE9nEoq5oprQEpJLSaXrQPuGV1cyusd/view",Core,0,1,"Collapses ""legally-enforceable frameworks"" and ""binding frameworks"" into a single question",,0.39,"Brazil; Bulgaria; Canada; Croatia; Estonia; Finland; France; Georgia; Germany; Greece; Ireland; Italy; Latvia; Lithuania; Netherlands; New Zealand; North Macedonia; Portugal; Korea, Republic of; Romania; Senegal; Slovakia; Spain; United Kingdom; Uruguay","Albania; Argentina; Armenia; Australia; Benin; Burkina Faso; Chile; Colombia; Costa Rica; Cote d'Ivoire; Dominican Republic; Ecuador; Ghana; Guatemala; Honduras; Indonesia; Jamaica; Jordan; Kenya; Kosovo; Liberia; Malawi; Mexico; Mongolia; Montenegro; Morocco; Nigeria; Panama; Paraguay; Peru; Philippines; Moldova, Republic of; Serbia; Sierra Leone; South Africa; Tunisia; Ukraine; United States; Zambia",Bosnia and Herzegovina; Cabo Verde; Czechia; Israel; Maldives; Malta; Norway; Papua New Guinea; Sweden; Seychelles; Timor-Leste,,1,
Digital Governance,Independent Oversight,NA,dg_over_01,Global Index on Responsible AI 1st Edition,Global Index on Responsible AI,2024,GIRAI,Frameworks,dg_over_frame,Human Oversight and Determination: fr_doc1_existence_text,"Are there national/federal laws, regulations, policies, strategies, plans and/or guidelines that specifically speak to AI in this area?","For the purpose of this indicator, frameworks addressing this thematic area include:

1) Non-binding frameworks that provide guidelines, principles, recommendations, which are voluntary measures that implementers should follow, but are not required to.
2) Policies, strategies, long term strategic plans, etc. that articulate the approach adopted by the government and are expected to be accomplished.
3) Legally enforceable frameworks such as laws, by-laws, decrees, resolutions and other types of regulations.

From GIRAI: 

Human oversight can be defined as ‘the act of supervising something [a practice, or process] by humans to ensure it is being done correctly’. In the context of AI, human oversight requires systems to be designed in a way that allows for human supervision or control and provides clear channels for intervention or interference by humans to prevent or disrupt adverse effects in the use and deployment of AI tools. It is also worth noting that the UNESCO Recommendation on the Ethics of AI (Recommendation) expands the traditional definition of human oversight to include ‘inclusive public oversight’ in appropriate circumstances.

Human determination, which is often referred to as ‘human agency’, is defined as ‘the capacity of an individual to act with free will’, which is most clearly demonstrated through the choices people make. Human determination is closely related to the concept of personal autonomy, which not only concerns the ability to make choices voluntarily and independently, but also includes the freedom that is necessary to pursue and act in accordance with those choices. In the context of AI, human determination enables individuals to exercise judgment, evaluate complex ethical considerations, and make informed decisions that consider the broader societal impact, ensuring that AI is aligned with human values and responsible use.",1,Has a framework; Developing a Framework; No framework,1,"Method: https://drive.google.com/file/d/1LPE9nEoq5oprQEpJLSaXrQPuGV1cyusd/view
Thematic Overview: https://drive.google.com/file/d/1qeZxqyLXoR5xvmYGsKbD9QwA2Ic-CVPU/view",Core,0,1,"Condenses framework question into whether it exists or not, regardless of legal status (e.g. binding vs non-binding)",,0.53,Argentina; Australia; Brazil; Bulgaria; Canada; Colombia; Croatia; Dominican Republic; Estonia; Finland; France; Germany; Greece; Indonesia; Ireland; Italy; Jordan; Kenya; Latvia; Lithuania; Netherlands; New Zealand; Nigeria; North Macedonia; Portugal; Romania; Senegal; Serbia; Slovakia; Spain; Tunisia; United Kingdom; United States; Uruguay,"Albania; Armenia; Benin; Burkina Faso; Chile; Costa Rica; Cote d'Ivoire; Ecuador; Georgia; Ghana; Guatemala; Honduras; Jamaica; Kosovo; Liberia; Malawi; Mexico; Mongolia; Montenegro; Morocco; Panama; Paraguay; Peru; Philippines; Korea, Republic of; Moldova, Republic of; Sierra Leone; South Africa; Ukraine; Zambia",Bosnia and Herzegovina; Cabo Verde; Czechia; Israel; Maldives; Malta; Norway; Papua New Guinea; Sweden; Seychelles; Timor-Leste,"Spain: The General Data Protection Regulation
URL(s): https://gdpr-info.eu/",1,
Digital Governance,Independent Oversight,NA,dg_over_02,Global Index on Responsible AI 1st Edition,Global Index on Responsible AI,2024,GIRAI,Legal Status,dg_over_legal,Human Oversight and Determination: fr_doc1_type_text,Is there a legally binding or enforceable framework?,"From GIRAI: 

Human oversight can be defined as ‘the act of supervising something [a practice, or process] by humans to ensure it is being done correctly’. In the context of AI, human oversight requires systems to be designed in a way that allows for human supervision or control and provides clear channels for intervention or interference by humans to prevent or disrupt adverse effects in the use and deployment of AI tools. It is also worth noting that the UNESCO Recommendation on the Ethics of AI (Recommendation) expands the traditional definition of human oversight to include ‘inclusive public oversight’ in appropriate circumstances.

Human determination, which is often referred to as ‘human agency’, is defined as ‘the capacity of an individual to act with free will’, which is most clearly demonstrated through the choices people make. Human determination is closely related to the concept of personal autonomy, which not only concerns the ability to make choices voluntarily and independently, but also includes the freedom that is necessary to pursue and act in accordance with those choices. In the context of AI, human determination enables individuals to exercise judgment, evaluate complex ethical considerations, and make informed decisions that consider the broader societal impact, ensuring that AI is aligned with human values and responsible use.",1,No; Yes,1,"Method: https://drive.google.com/file/d/1LPE9nEoq5oprQEpJLSaXrQPuGV1cyusd/view
Thematic Overview: https://drive.google.com/file/d/1qeZxqyLXoR5xvmYGsKbD9QwA2Ic-CVPU/view",Core,0,1,"Collapses ""legally-enforceable frameworks"" and ""binding frameworks"" into a single question",,0.45,Brazil; Bulgaria; Canada; Colombia; Croatia; Dominican Republic; Estonia; Finland; France; Germany; Greece; Indonesia; Ireland; Italy; Jordan; Kenya; Latvia; Lithuania; Netherlands; New Zealand; Nigeria; Portugal; Romania; Senegal; Slovakia; Spain; Tunisia; United Kingdom; Uruguay,"Albania; Argentina; Armenia; Australia; Benin; Burkina Faso; Chile; Costa Rica; Cote d'Ivoire; Ecuador; Georgia; Ghana; Guatemala; Honduras; Jamaica; Kosovo; Liberia; Malawi; Mexico; Mongolia; Montenegro; Morocco; North Macedonia; Panama; Paraguay; Peru; Philippines; Korea, Republic of; Moldova, Republic of; Serbia; Sierra Leone; South Africa; Ukraine; United States; Zambia",Bosnia and Herzegovina; Cabo Verde; Czechia; Israel; Maldives; Malta; Norway; Papua New Guinea; Sweden; Seychelles; Timor-Leste,,1,
Digital Governance,Public Grievance Mechanisms,NA,gd_griev_01,Global Index on Responsible AI 1st Edition,Global Index on Responsible AI,2024,GIRAI,Frameworks,dg_griev_frame,Access to Remedy and Redress: fr_doc1_existence_text,"Are there national/federal laws, regulations, policies, strategies, plans and/or guidelines that specifically speak to AI in this area?","For the purpose of this indicator, frameworks addressing this thematic area include:

1) Non-binding frameworks that provide guidelines, principles, recommendations, which are voluntary measures that implementers should follow, but are not required to.
2) Policies, strategies, long term strategic plans, etc. that articulate the approach adopted by the government and are expected to be accomplished.
3) Legally enforceable frameworks such as laws, by-laws, decrees, resolutions and other types of regulations.

From GIRAI: 

Access to effective remedy and redress refers to legal mechanisms that allow for human rights violations to be thoroughly investigated and adequately resolved by rectifying the harm that was caused and holding those responsible to account. Remedy, in this case, refers to the removal of a harm; while redress refers to the compensation for, or reparation of, that harm
. Both components are required for effective enforcement of human rights.

In the context of AI-related injuries, this requires persons who have suffered harm as a result of the development or use of an AI system to be able to submit complaints, to pursue legal actions in court, or to report issues to a competent authority and to have those harms addressed with due diligence. ",1,Has a framework; Developing a Framework; No framework,1,"Method: https://drive.google.com/file/d/1LPE9nEoq5oprQEpJLSaXrQPuGV1cyusd/view
Thematic Overview: https://drive.google.com/file/d/1JGYaKay_8PrsMWq5v-InsxOWhhuTYHyo/view",Core,0,1,"Condenses framework question into whether it exists or not, regardless of legal status (e.g. binding vs non-binding)",,0.38,"Brazil; Bulgaria; Croatia; Dominican Republic; Estonia; Finland; France; Germany; Greece; Ireland; Italy; Jordan; Latvia; Lithuania; Morocco; Netherlands; Philippines; Portugal; Korea, Republic of; Romania; Slovakia; Spain; Ukraine; United Kingdom","Albania; Argentina; Armenia; Australia; Benin; Burkina Faso; Canada; Chile; Colombia; Costa Rica; Cote d'Ivoire; Ecuador; Georgia; Ghana; Guatemala; Honduras; Indonesia; Jamaica; Kenya; Kosovo; Liberia; Malawi; Mexico; Mongolia; Montenegro; New Zealand; Nigeria; North Macedonia; Panama; Paraguay; Peru; Moldova, Republic of; Senegal; Serbia; Sierra Leone; South Africa; Tunisia; United States; Uruguay; Zambia",Bosnia and Herzegovina; Cabo Verde; Czechia; Israel; Maldives; Malta; Norway; Papua New Guinea; Sweden; Seychelles; Timor-Leste,"Spain: The General Data Protection Regulation
URL(s): https://gdpr-info.eu/",1,
Digital Governance,Public Grievance Mechanisms,NA,gd_griev_02,Global Index on Responsible AI 1st Edition,Global Index on Responsible AI,2024,GIRAI,Legal Status,dg_griev_legal,Access to Remedy and Redress: fr_doc1_type_text,Is there a legally binding or enforceable framework?,"From GIRAI: 

Access to effective remedy and redress refers to legal mechanisms that allow for human rights violations to be thoroughly investigated and adequately resolved by rectifying the harm that was caused and holding those responsible to account. Remedy, in this case, refers to the removal of a harm; while redress refers to the compensation for, or reparation of, that harm
. Both components are required for effective enforcement of human rights.

In the context of AI-related injuries, this requires persons who have suffered harm as a result of the development or use of an AI system to be able to submit complaints, to pursue legal actions in court, or to report issues to a competent authority and to have those harms addressed with due diligence. ",1,No; Yes,1,"Method: https://drive.google.com/file/d/1LPE9nEoq5oprQEpJLSaXrQPuGV1cyusd/view
Thematic Overview: https://drive.google.com/file/d/1JGYaKay_8PrsMWq5v-InsxOWhhuTYHyo/view",Core,0,1,"Collapses ""legally-enforceable frameworks"" and ""binding frameworks"" into a single question",,0.36,"Brazil; Bulgaria; Croatia; Dominican Republic; Estonia; Finland; France; Germany; Greece; Ireland; Italy; Latvia; Lithuania; Morocco; Netherlands; Philippines; Portugal; Korea, Republic of; Romania; Slovakia; Spain; Ukraine; United Kingdom","Albania; Argentina; Armenia; Australia; Benin; Burkina Faso; Canada; Chile; Colombia; Costa Rica; Cote d'Ivoire; Ecuador; Georgia; Ghana; Guatemala; Honduras; Indonesia; Jamaica; Jordan; Kenya; Kosovo; Liberia; Malawi; Mexico; Mongolia; Montenegro; New Zealand; Nigeria; North Macedonia; Panama; Paraguay; Peru; Moldova, Republic of; Senegal; Serbia; Sierra Leone; South Africa; Tunisia; United States; Uruguay; Zambia",Bosnia and Herzegovina; Cabo Verde; Czechia; Israel; Maldives; Malta; Norway; Papua New Guinea; Sweden; Seychelles; Timor-Leste,,1,
Digital Governance,Public Participation,NA,dg_pp_01,Global Index on Responsible AI 1st Edition,Global Index on Responsible AI,2024,GIRAI,Frameworks,dg_pp_frame,Public Participation and Awareness: fr_doc1_existence_text,"Are there national/federal laws, regulations, policies, strategies, plans and/or guidelines that specifically speak to AI in this area?","For the purpose of this indicator, frameworks addressing this thematic area include:

1) Non-binding frameworks that provide guidelines, principles, recommendations, which are voluntary measures that implementers should follow, but are not required to.
2) Policies, strategies, long term strategic plans, etc. that articulate the approach adopted by the government and are expected to be accomplished.
3) Legally enforceable frameworks such as laws, by-laws, decrees, resolutions and other types of regulations.

From GIRAI: 

Public participation, which may also be referred to as ‘public engagement’, is defined as the process of engaging ordinary people in the decision-making processes that affect their lives and give full consideration to their input before making decisions. These processes require open, honest, and ongoing communication between decision-makers and stakeholders, including those who are interested in, and/or affected by, the decisions that will be made, even when those stakeholders have different concerns and/or interests.

In addition to being a defining principle of democratic societies, public participation is also expressed as a fundamental human right in various legal instruments. Article 21 of the Universal Declaration of Human Rights (UDHR) states that every person has the right to participate in the affairs of the country, either directly or by an elected representative. The right to public participation finds further expression as a human right in Article 25 of the International Covenant on Civil and Political Rights (ICCPR), which states that all citizens have the right to have equal access to public services in the country.

Public awareness is defined as the process of informing the general public and increasing levels of consciousness
 about the potential benefits and risks associated with a particular action or decision. This process requires providing people with accurate, up-to-date information that is accessible to a wide range of audiences using different modes of communication that are appropriate to different groups.",1,Has a framework; Developing a Framework; No framework,1,"Method: https://drive.google.com/file/d/1LPE9nEoq5oprQEpJLSaXrQPuGV1cyusd/view
Thematic Overview: https://drive.google.com/file/d/1PEuNTeZ64ZRmfcZUr3-ohbXfhe83-gZE/view",Core,0,1,"Condenses framework question into whether it exists or not, regardless of legal status (e.g. binding vs non-binding)",,0.28,Benin; Brazil; Colombia; Estonia; Germany; Ireland; Italy; Jordan; New Zealand; Peru; Portugal; Senegal; Slovakia; Spain; Ukraine; United Kingdom; United States; Uruguay,"Albania; Argentina; Armenia; Australia; Bulgaria; Burkina Faso; Canada; Chile; Costa Rica; Cote d'Ivoire; Croatia; Dominican Republic; Ecuador; Finland; France; Georgia; Ghana; Greece; Guatemala; Honduras; Indonesia; Jamaica; Kenya; Kosovo; Latvia; Liberia; Lithuania; Malawi; Mexico; Mongolia; Montenegro; Morocco; Netherlands; Nigeria; North Macedonia; Panama; Paraguay; Philippines; Korea, Republic of; Moldova, Republic of; Romania; Serbia; Sierra Leone; South Africa; Tunisia; Zambia",Bosnia and Herzegovina; Cabo Verde; Czechia; Israel; Maldives; Malta; Norway; Papua New Guinea; Sweden; Seychelles; Timor-Leste,"Spain: National Strategy for AI
URL(s): https://portal.mineco.gob.es/RecursosArticulo/mineco/ministerio/ficheros/National-Strategy-on-AI.pdf",1,
Digital Governance,Public Participation,NA,dg_pp_02,Global Index on Responsible AI 1st Edition,Global Index on Responsible AI,2024,GIRAI,Legal Status,dg_pp_legal,Public Participation and Awareness: fr_doc1_type_text,Is there a legally binding or enforceable framework?,"From GIRAI: 

Public participation, which may also be referred to as ‘public engagement’, is defined as the process of engaging ordinary people in the decision-making processes that affect their lives and give full consideration to their input before making decisions. These processes require open, honest, and ongoing communication between decision-makers and stakeholders, including those who are interested in, and/or affected by, the decisions that will be made, even when those stakeholders have different concerns and/or interests.

In addition to being a defining principle of democratic societies, public participation is also expressed as a fundamental human right in various legal instruments. Article 21 of the Universal Declaration of Human Rights (UDHR) states that every person has the right to participate in the affairs of the country, either directly or by an elected representative. The right to public participation finds further expression as a human right in Article 25 of the International Covenant on Civil and Political Rights (ICCPR), which states that all citizens have the right to have equal access to public services in the country.

Public awareness is defined as the process of informing the general public and increasing levels of consciousness
 about the potential benefits and risks associated with a particular action or decision. This process requires providing people with accurate, up-to-date information that is accessible to a wide range of audiences using different modes of communication that are appropriate to different groups.",1,No; Yes,1,"Method: https://drive.google.com/file/d/1LPE9nEoq5oprQEpJLSaXrQPuGV1cyusd/view
Thematic Overview: https://drive.google.com/file/d/1PEuNTeZ64ZRmfcZUr3-ohbXfhe83-gZE/view",Core,0,1,"Collapses ""legally-enforceable frameworks"" and ""binding frameworks"" into a single question",,0.27,Benin; Brazil; Colombia; Estonia; Germany; Ireland; Italy; New Zealand; Peru; Portugal; Senegal; Slovakia; Spain; Ukraine; United Kingdom; United States; Uruguay,"Albania; Argentina; Armenia; Australia; Bulgaria; Burkina Faso; Canada; Chile; Costa Rica; Cote d'Ivoire; Croatia; Dominican Republic; Ecuador; Finland; France; Georgia; Ghana; Greece; Guatemala; Honduras; Indonesia; Jamaica; Jordan; Kenya; Kosovo; Latvia; Liberia; Lithuania; Malawi; Mexico; Mongolia; Montenegro; Morocco; Netherlands; Nigeria; North Macedonia; Panama; Paraguay; Philippines; Korea, Republic of; Moldova, Republic of; Romania; Serbia; Sierra Leone; South Africa; Tunisia; Zambia",Bosnia and Herzegovina; Cabo Verde; Czechia; Israel; Maldives; Malta; Norway; Papua New Guinea; Sweden; Seychelles; Timor-Leste,,1,
Digital Governance,Transparency,NA,dg_trans_01,Global Index on Responsible AI 1st Edition,Global Index on Responsible AI,2024,GIRAI,Frameworks,dg_trans_frame,Transparency and Explainability: fr_doc1_existence_text,"Are there national/federal laws, regulations, policies, strategies, plans and/or guidelines that specifically speak to AI in this area?","For the purpose of this indicator, frameworks addressing this thematic area include:

1) Non-binding frameworks that provide guidelines, principles, recommendations, which are voluntary measures that implementers should follow, but are not required to.
2) Policies, strategies, long term strategic plans, etc. that articulate the approach adopted by the government and are expected to be accomplished.
3) Legally enforceable frameworks such as laws, by-laws, decrees, resolutions and other types of regulations.

From GIRAI:

Transparency is defined as ‘the quality of [a process, practice or decision] being done in an open way without secrets so people can trust that [actions] are fair and honest’. Transparency has been identified by the UN Human Rights Council (UNHRC) as one of the five key principles of good governance, along with responsibility, accountability, participation and responsiveness to public concerns.

In the context of AI, transparency concerns the extent to which the “inner workings” of an AI system are open and accessible, which invariably requires the provision of “easy-to-understand” explanations of the algorithmic models, the data that drives them, and the rationale for their use. It also refers to transparency in the use of an AI system, whether by a public or private actor, and particularly toward people who are likely to be impacted by the use of such a system. To this end, transparency aims to ensure that people are able to develop a basic understanding of AI systems, including the reasons for their development, training, deployment, and impact.

Accordingly, the principle of transparency implicates the concept of explainability, which has arisen within the AI ethics discourse and which calls for the provision of information that can be understood by a non-technical person – particularly, the process driving outcomes of AI systems. Explainability can be defined as ‘the quality of enabling people to understand how a particular system works and/or how a particular outcome was achieved by providing information that is sensible and easy-to-understand’. The principle of explainability is also closely linked to the concept of interpretability
, which refers to ‘the capacity to provide an explanation of the factors and logic that led to an outcome in terms that are understandable to a human.’

Transparency and explainability, as principles of responsible AI governance, therefore require information about processes, practices and decisions to be open, accessible, and easily understood by a broad range of stakeholders, including government entities, private sector companies, civil society organisations and academic institutions. 

",1,Has a framework; Developing a Framework; No framework,1,"Method: https://drive.google.com/file/d/1LPE9nEoq5oprQEpJLSaXrQPuGV1cyusd/view
Thematic Overview: https://drive.google.com/file/d/1rRn9RJeSHTcQ2ajEAF3HV29_NK3J1aNF/view",Core,0,1,"Condenses framework question into whether it exists or not, regardless of legal status (e.g. binding vs non-binding)",,0.47,Argentina; Australia; Benin; Brazil; Bulgaria; Canada; Chile; Colombia; Dominican Republic; Estonia; France; Georgia; Germany; Greece; Indonesia; Ireland; Italy; Jordan; Netherlands; New Zealand; Peru; Philippines; Portugal; Serbia; Slovakia; Spain; Ukraine; United Kingdom; United States; Uruguay,"Albania; Armenia; Burkina Faso; Costa Rica; Cote d'Ivoire; Croatia; Ecuador; Finland; Ghana; Guatemala; Honduras; Jamaica; Kenya; Kosovo; Latvia; Liberia; Lithuania; Malawi; Mexico; Mongolia; Montenegro; Morocco; Nigeria; North Macedonia; Panama; Paraguay; Korea, Republic of; Moldova, Republic of; Romania; Senegal; Sierra Leone; South Africa; Tunisia; Zambia",Bosnia and Herzegovina; Cabo Verde; Czechia; Israel; Maldives; Malta; Norway; Papua New Guinea; Sweden; Seychelles; Timor-Leste,"Spain: National Strategy for AI
URL(s): https://portal.mineco.gob.es/RecursosArticulo/mineco/ministerio/ficheros/National-Strategy-on-AI.pdf",1,
Digital Governance,Transparency,NA,dg_trans_02,Global Index on Responsible AI 1st Edition,Global Index on Responsible AI,2024,GIRAI,Legal Status,dg_trans_legal,Transparency and Explainability: fr_doc1_type_text,Is there a legally binding or enforceable framework?,"From GIRAI:

Transparency is defined as ‘the quality of [a process, practice or decision] being done in an open way without secrets so people can trust that [actions] are fair and honest’. Transparency has been identified by the UN Human Rights Council (UNHRC) as one of the five key principles of good governance, along with responsibility, accountability, participation and responsiveness to public concerns.

In the context of AI, transparency concerns the extent to which the “inner workings” of an AI system are open and accessible, which invariably requires the provision of “easy-to-understand” explanations of the algorithmic models, the data that drives them, and the rationale for their use. It also refers to transparency in the use of an AI system, whether by a public or private actor, and particularly toward people who are likely to be impacted by the use of such a system. To this end, transparency aims to ensure that people are able to develop a basic understanding of AI systems, including the reasons for their development, training, deployment, and impact.

Accordingly, the principle of transparency implicates the concept of explainability, which has arisen within the AI ethics discourse and which calls for the provision of information that can be understood by a non-technical person – particularly, the process driving outcomes of AI systems. Explainability can be defined as ‘the quality of enabling people to understand how a particular system works and/or how a particular outcome was achieved by providing information that is sensible and easy-to-understand’. The principle of explainability is also closely linked to the concept of interpretability
, which refers to ‘the capacity to provide an explanation of the factors and logic that led to an outcome in terms that are understandable to a human.’

Transparency and explainability, as principles of responsible AI governance, therefore require information about processes, practices and decisions to be open, accessible, and easily understood by a broad range of stakeholders, including government entities, private sector companies, civil society organisations and academic institutions. 

",1,No; Yes,1,"Method: https://drive.google.com/file/d/1LPE9nEoq5oprQEpJLSaXrQPuGV1cyusd/view
Thematic Overview: https://drive.google.com/file/d/1rRn9RJeSHTcQ2ajEAF3HV29_NK3J1aNF/view",Core,0,1,"Collapses ""legally-enforceable frameworks"" and ""binding frameworks"" into a single question",,0.38,Benin; Brazil; Bulgaria; Canada; Chile; Colombia; Dominican Republic; Estonia; France; Georgia; Germany; Greece; Indonesia; Ireland; Italy; Netherlands; New Zealand; Peru; Philippines; Slovakia; Spain; Ukraine; United Kingdom; Uruguay,"Albania; Argentina; Armenia; Australia; Burkina Faso; Costa Rica; Cote d'Ivoire; Croatia; Ecuador; Finland; Ghana; Guatemala; Honduras; Jamaica; Jordan; Kenya; Kosovo; Latvia; Liberia; Lithuania; Malawi; Mexico; Mongolia; Montenegro; Morocco; Nigeria; North Macedonia; Panama; Paraguay; Portugal; Korea, Republic of; Moldova, Republic of; Romania; Senegal; Serbia; Sierra Leone; South Africa; Tunisia; United States; Zambia",Bosnia and Herzegovina; Cabo Verde; Czechia; Israel; Maldives; Malta; Norway; Papua New Guinea; Sweden; Seychelles; Timor-Leste,,1,
Fiscal Openness,Inclusion,NA,fo_inc_01,Open Budget Survey,International Budget Partnership,2023,IBP,Inclusion in budget development,fo_inc_execdev,q126,The executive takes concrete steps to include vulnerable and under-represented parts of the population in the formulation of the annual budget.,"OBS assesses this indicator on a scale of a) through c). 

a. Yes, the executive takes concrete steps to include individuals and/or CSOs representing vulnerable and underrepresented parts of the population
in the formulation of the annual budget.
b. The requirements for an “a” response are not met.
c. Not applicable (please comment).

For OGP purposes, a score of a) is considered “Yes”. A score of b) or c) is considered “No”. See how the OBS determines scores below.

This question reflects the GIFT principle of “Inclusiveness”, and examines the executive’s effort to actively reach out to citizens who are from socially vulnerable groups and/or underrepresented in national processes. The emphasis here is on the executive’s efforts to seek out the views of members of the public from socially vulnerable groups and/or who are underrepresented in the process. To answer “a,” the executive must actively seek out individuals from at least one vulnerable and underrepresented community and/or civil society organization representing vulnerable and underrepresented individuals and communities. The researcher must provide evidence to show the government’s efforts and actions. The researcher must speak with the relevant government official(s), and subsequently double check with an alternative source, such as representatives of vulnerable/underrepresented groups. Answer “b” applies if the executive does not take concrete steps to incorporate vulnerable/underrepresented individuals, or organizations representing them, into participation mechanisms or if the executive does not use public participation mechanisms during the budget formulation stage",1,No; Yes,0,Method: https://internationalbudget.org/sites/default/files/2024-05/2023-OBS-Questionnaire-and-Guidelines-English.pdf#page=139,Core,0,0,,,0.10,"Dominican Republic; Liberia; New Zealand; Nigeria; Peru; Korea, Republic of","Albania; Argentina; Armenia; Australia; Benin; Bosnia and Herzegovina; Brazil; Bulgaria; Burkina Faso; Canada; Chile; Colombia; Costa Rica; Cote d'Ivoire; Croatia; Czechia; Ecuador; France; Georgia; Germany; Ghana; Guatemala; Honduras; Indonesia; Italy; Jamaica; Jordan; Kenya; Malawi; Mexico; Moldova, Republic of; Mongolia; Montenegro; Morocco; North Macedonia; Norway; Papua New Guinea; Paraguay; Philippines; Portugal; Romania; Senegal; Serbia; Sierra Leone; Slovakia; South Africa; Spain; Sweden; Timor-Leste; Tunisia; Ukraine; United Kingdom; United States; Zambia",Cabo Verde; Estonia; Finland; Greece; Ireland; Israel; Kosovo; Lithuania; Latvia; Maldives; Malta; Netherlands; Panama; Seychelles; Uruguay,,1,
Fiscal Openness,Inclusion,NA,fo_inc_02,Open Budget Survey,International Budget Partnership,2023,IBP,Inclusion in budget implementation,fo_inc_execimp,q129,The executive takes concrete steps to include vulnerable and under-represented parts of the population on the implementation of the annual budget.,"OBS assesses this indicator on a scale of a) through d). For OGP purposes, a score of a) is considered “Yes”. A score of b), c) or d) is considered “No”. See how the OBS determines scores below.

This question reflects the GIFT principle of “Inclusiveness”, and examines the executive’s effort to actively reach out to citizens who are from socially vulnerable groups and/or underrepresented in national processes. The emphasis here is on national government’s efforts to obtain input from members of the public who are from socially vulnerable groups and/or underrepresented in national processes during the implementation of the annual budget. To answer “a,” the executive must actively seek out individuals from at least one vulnerable and underrepresented community and/or civil society organization representing vulnerable and underrepresented individuals and communities. The researcher must provide evidence to show the government’s efforts and actions. The researcher must speak with the relevant government official(s), and subsequently double check with an alternative source, such as representatives from vulnerable/underrepresented groups. 143 Answer “b” applies if the national executive does not take concrete steps to incorporate vulnerable/underrepresented individuals, or organizations representing them, into participation mechanisms or if the executive does not use public participation mechanisms during the budget implementation stage.",1,No; Yes,0,Method: https://internationalbudget.org/sites/default/files/2024-05/2023-OBS-Questionnaire-and-Guidelines-English.pdf#page=142,Core,0,0,,,0.02,Mexico,"Albania; Argentina; Armenia; Australia; Benin; Bosnia and Herzegovina; Brazil; Bulgaria; Burkina Faso; Canada; Chile; Colombia; Costa Rica; Cote d'Ivoire; Croatia; Czechia; Dominican Republic; Ecuador; France; Georgia; Germany; Ghana; Guatemala; Honduras; Indonesia; Italy; Jamaica; Jordan; Kenya; Liberia; Malawi; Moldova, Republic of; Mongolia; Montenegro; Morocco; New Zealand; Nigeria; North Macedonia; Norway; Papua New Guinea; Paraguay; Peru; Philippines; Portugal; Romania; Senegal; Serbia; Sierra Leone; Slovakia; South Africa; Korea, Republic of; Spain; Sweden; Timor-Leste; Tunisia; Ukraine; United Kingdom; United States; Zambia",Cabo Verde; Estonia; Finland; Greece; Ireland; Israel; Kosovo; Lithuania; Latvia; Maldives; Malta; Netherlands; Panama; Seychelles; Uruguay,,1,
Fiscal Openness,Independent Oversight,NA,fo_sai_01,Open Budget Survey,International Budget Partnership,2023,IBP,Public audits,fo_sai_audit,q97,"The SAI conducted and published three types of audits (compliance, financial, and performance).","OBS assesses this indicator on a scale of a) through d). For OGP purposes, a score of a) or b) is considered “Yes”. A score of c) or d) is considered “No”. See how the OBS determines scores below.

Question 97 asks about the types of audits conducted by the Supreme Audit Institution (SAI). There are three basic types of audits: 
• Financial audits are intended to determine if an entity’s financial information is accurate (free from errors or fraud) and presented in accordance with the applicable financial reporting and regulatory framework. See ISSAI 200 (https://www.issai.org/pronouncements/issai100-fundamental-principles-of-public-sector-auditing/) for more detail. 
• Compliance audits look at the extent to which the relevant regulations and procedures have been followed. See ISSAI 400 (https://www.issai.org/pronouncements/issai-400-compliance-audit-principles/) for more details. 
• Performance audits assess whether activities are adhering to the principles of economy, efficiency, and effectiveness. See ISSAI 300 (https://www.issai.org/pronouncements/issai-300-performance-audit-principles/) for more details. 

Financial and compliance audits are more common than performance audits, which usually occur only once a performance framework has been agreed upon. In some countries, the SAI’s mandate limits the type of audit it can conduct. 

To answer “a,” the SAI must have conducted all three types of audit — financial, compliance, and performance — and made all of them available to the public. A “b” response applies if the SAI has conducted two of the three audit types, and a “c” applies if it has conducted only one type of audit. Answers “b” and “c” may be selected even if the Audit Report is not publicly available, as long as the SAI has conducted compliance or performance audits and made them available to the public. A “d” response applies if the SAI has not conducted any of the three types of audits, or has not made them available to the public.
",1,No; Yes,0,Method: https://internationalbudget.org/sites/default/files/2024-05/2023-OBS-Questionnaire-and-Guidelines-English.pdf#page=115,Core,0,1,"Collapses multiple-choice question into a single binary question, focusing on the top tier only. All three types of audits must be published.",,0.65,"Argentina; Armenia; Australia; Bosnia and Herzegovina; Brazil; Bulgaria; Colombia; Costa Rica; Croatia; Czechia; France; Georgia; Germany; Ghana; Guatemala; Honduras; Indonesia; Italy; Jamaica; Jordan; Malawi; Mexico; Moldova, Republic of; Mongolia; Montenegro; New Zealand; North Macedonia; Norway; Peru; Philippines; Portugal; Romania; Serbia; Sierra Leone; Slovakia; South Africa; Korea, Republic of; United States; Zambia",Albania; Benin; Burkina Faso; Canada; Chile; Cote d'Ivoire; Dominican Republic; Ecuador; Kenya; Liberia; Morocco; Nigeria; Papua New Guinea; Paraguay; Senegal; Spain; Sweden; Timor-Leste; Tunisia; Ukraine; United Kingdom,Cabo Verde; Estonia; Finland; Greece; Ireland; Israel; Kosovo; Lithuania; Latvia; Maldives; Malta; Netherlands; Panama; Seychelles; Uruguay,,1,
Fiscal Openness,Independent Oversight,NA,fo_sai_02,Open Budget Survey,International Budget Partnership,2023,IBP,Audit follow-up report,fo_sai_follow,q101,The executive publishes a report on what steps it has taken to address most audit recommendations.,"OBS assesses this indicator on a scale of a) through d). For OGP purposes, a score of a) or b) is considered “Yes”. A score of c) or d) is considered “No”. See how the OBS determines scores below.

Question 101 asks whether the executive reports to the public on the steps it has taken to address audit recommendations made by the Supreme Audit Institution (SAI). The ultimate purpose of audits is to verify that the budget was executed in a manner consistent with existing law, and to hold the government accountable for this execution and its future improvement. The extent to which audits achieve the latter depends on whether there is adequate and timely follow-up on the recommendations provided in the SAI’s audit reports. To answer ""a,"" the executive must report publicly on the steps it has taken to address all audit findings. A “b” response applies if the executive reports publicly on the steps it has taken to address most, but not all, audit findings. A “c” response applies if the executive reports publicly on the steps it has taken to address only some audit findings. As long as the executive reports publicly on the steps it has taken to address audit finding, answer “a,” “b,” or “c” may be selected, even if the Audit Report is not made publicly available. A “d” response applies if the executive does not report at all on its steps to address audit findings.",1,No; Yes,0,Method: https://internationalbudget.org/sites/default/files/2024-05/2023-OBS-Questionnaire-and-Guidelines-English.pdf#page=117,Core,0,1,"Collapses multiple-choice question into a single binary question, focusing on the top two tiers. Disregards if executive reports on most or all audit findings. ",,0.22,"Brazil; Canada; Georgia; Moldova, Republic of; Mongolia; Norway; Peru; Sierra Leone; South Africa; Korea, Republic of; Sweden; United Kingdom; United States",Albania; Argentina; Armenia; Australia; Benin; Bosnia and Herzegovina; Bulgaria; Burkina Faso; Chile; Colombia; Costa Rica; Cote d'Ivoire; Croatia; Czechia; Dominican Republic; Ecuador; France; Germany; Ghana; Guatemala; Honduras; Indonesia; Italy; Jamaica; Jordan; Kenya; Liberia; Malawi; Mexico; Montenegro; Morocco; New Zealand; Nigeria; North Macedonia; Papua New Guinea; Paraguay; Philippines; Portugal; Romania; Senegal; Serbia; Slovakia; Spain; Timor-Leste; Tunisia; Ukraine; Zambia,Cabo Verde; Estonia; Finland; Greece; Ireland; Israel; Kosovo; Lithuania; Latvia; Maldives; Malta; Netherlands; Panama; Seychelles; Uruguay,,1,
Fiscal Openness,Independent Oversight,NA,fo_sai_03,Open Budget Survey,International Budget Partnership,2023,IBP,Audit progress report,fo_sai_progress,q102,The SAI or legislature publishes a report that tracks actions taken by the executive to address most audit recommendations.,"OBS assesses this indicator on a scale of a) through d). For OGP purposes, a score of a) or b) is considered “Yes”. A score of c) or d) is considered “No”. See how the OBS determines scores below.

Question 102 asks whether the Supreme Audit Institution (SAI) or the legislature track actions by the executive to address audit recommendations. After audit results and recommendations are discussed and validated by the legislature, the executive is normally asked to take certain actions to address the audit findings. For accountability purposes, the public needs to be informed about the status of those actions, and steps the executive has taken to address audit recommendations. In addition to the executive reporting on its actions (see Question 101), the SAI and legislature — as the key oversight institutions — have a responsibility to keep the public informed by tracking the executive’s progress in addressing audit recommendations. To answer “a,” the SAI or legislature must report publicly on what steps the executive has taken to address all audit findings. A “b” response applies if the SAI or legislature reports publicly on what steps the executive has taken to address most, but not all, audit findings. A “c” response applies if the SAI or legislature reports publicly on what steps the executive has taken to address only some audit findings. As long as the SAI or legislature reports publicly on the steps the executive has taken, answer “a,” “b,” or “c” may be selected, even if the Audit Report is not made publicly available. A “d” response applies if neither the SAI nor the legislature reports on the executive’s steps to address audit findings.",1,No; Yes,0,Method: https://internationalbudget.org/sites/default/files/2024-05/2023-OBS-Questionnaire-and-Guidelines-English.pdf#page=118,Core,0,1,"Collapses multiple-choice question into a single binary question, focusing on the top two tiers. Disregards if SAI or legislature reports on most or all audit findings. ",,0.42,"Albania; Armenia; Bosnia and Herzegovina; Brazil; Bulgaria; Canada; Cote d'Ivoire; Croatia; France; Georgia; Indonesia; Mexico; Moldova, Republic of; Montenegro; New Zealand; Norway; Peru; Philippines; South Africa; Korea, Republic of; Spain; Sweden; Timor-Leste; United Kingdom; United States",Argentina; Australia; Benin; Burkina Faso; Chile; Colombia; Costa Rica; Czechia; Dominican Republic; Ecuador; Germany; Ghana; Guatemala; Honduras; Italy; Jamaica; Jordan; Kenya; Liberia; Malawi; Mongolia; Morocco; Nigeria; North Macedonia; Papua New Guinea; Paraguay; Portugal; Romania; Senegal; Serbia; Sierra Leone; Slovakia; Tunisia; Ukraine; Zambia,Cabo Verde; Estonia; Finland; Greece; Ireland; Israel; Kosovo; Lithuania; Latvia; Maldives; Malta; Netherlands; Panama; Seychelles; Uruguay,,1,
Fiscal Openness,Legislative Oversight,NA,fo_leg_01,Open Budget Survey,International Budget Partnership,2023,IBP,Review of Budget Proposal,fo_leg_proprev,q112,"During the last budget cycle, a specialized budget or finance committee in the legislature examined the Executive’s Budget Proposal and published a report with findings and recommendations prior to the budget being adopted.","OBS assesses this indicator on a scale of a) through d). For OGP purposes, a score of a) or b) is considered “Yes”. A score of c) or d) is considered “No”. See how the OBS determines scores below.

Question 112 assesses the role of a specialized budget or finance committee during the budget approval stage. Effective committee involvement is an essential condition for legislative influence in the budget process. Specialized committees provide opportunities for individual legislators to gain relevant expertise, and to examine budgets and policy in depth. Yet, the involvement of committees differs across legislatures. Some legislatures have separate committees to examine spending and tax proposals, while others have a single finance committee. Not all legislatures have a specialized budget or finance committee to examine the budget. In addition, there can be differences in the time available for the committee’s analysis of the budget. 

A report with the committee’s findings and recommendations is intended to inform the debate in the full legislature, therefore it must be published before the legislature has adopted the budget. 

Response “a” requires that, in the last budget approval process, a specialized budget or finance committee had one month or more to examine the Executive’s Budget Proposal, and it published a report with findings and recommendations prior to the budget being adopted. Response “b” applies where such a committee examined the draft budget and published a report, but within a shorter timeframe of less than one month. Response “c” 127 applies if a committee examined the budget (without regard to the time period), but did not publish a report prior to the adoption of the budget. Response “d” applies where a specialized budget or finance committee did not examine the Executive’s Budget Proposal. 

Please specify in your comment the name of the committee and the number of days it had available to examine the budget. For bicameral legislatures where one house or chamber has greater constitutional authority in budgetary matters, the question applies to the house or chamber (usually the upper or second one) that is decisive. For bicameral legislatures with co-equal houses or chambers, the question should be answered with reference to the one that achieves the higher score for this question. In the case of bicameral legislatures, please note the relevant arrangements in each house or chamber. If applicable, provide a copy of the report. Please note also if a report is published, but only after the budget has been adopted.",1,No; Yes,0,Method: https://internationalbudget.org/sites/default/files/2024-05/2023-OBS-Questionnaire-and-Guidelines-English.pdf#page=126,Core,0,1,"Collapses multiple-choice question into a single binary question, focusing on the top two tiers. Disregards whether the committee had more or less than a month to examine the budget proposal.",,0.45,"Argentina; Brazil; Canada; Chile; Colombia; Costa Rica; Czechia; France; Georgia; Germany; Guatemala; Italy; Kenya; Mexico; Montenegro; New Zealand; Norway; Peru; Philippines; Portugal; Sierra Leone; South Africa; Korea, Republic of; Spain; Sweden; Ukraine; United States","Albania; Armenia; Australia; Benin; Bosnia and Herzegovina; Bulgaria; Burkina Faso; Cote d'Ivoire; Croatia; Dominican Republic; Ecuador; Ghana; Honduras; Indonesia; Jamaica; Jordan; Liberia; Malawi; Moldova, Republic of; Mongolia; Morocco; Nigeria; North Macedonia; Papua New Guinea; Paraguay; Romania; Senegal; Serbia; Slovakia; Timor-Leste; Tunisia; United Kingdom; Zambia",Cabo Verde; Estonia; Finland; Greece; Ireland; Israel; Kosovo; Lithuania; Latvia; Maldives; Malta; Netherlands; Panama; Seychelles; Uruguay,,1,
Fiscal Openness,Legislative Oversight,NA,fo_leg_02,Open Budget Survey,International Budget Partnership,2023,IBP,Review of Sectoral Spending,fo_leg_spendrev,q113,"During the last approval process, legislative committees responsible for particular sectors (e.g., health, education, defense, etc.), examined spending in the Executive’s Budget Proposal in the sector they oversee and published reports with findings and recommendations prior to the budget being adopted.","OBS assesses this indicator on a scale of a) through d). For OGP purposes, a score of a) or b) is considered “Yes”. A score of c) or d) is considered “No”. See how the OBS determines scores below.

Question 113 assesses the role of committees of the legislature that are responsible for particular sectors (e.g., health, education, defense, etc.) during the budget approval stage. The role of sectoral committees differs across legislatures. Some legislatures do not involve them in the budget approval process, while others do. In addition, the time available for committee analysis differs. 

A report with the committee’s findings and recommendations is intended to inform the debate in the full legislature, so therefore must be published before the legislature has adopted the budget. Response “a” requires that sector committees had one month or more to examine the Executive’s Budget Proposal, and published a report with findings and recommendations prior the budget being adopted. Response “b” applies where such committees examined the draft budget and published a report, but within a shorter timeframe of less than one month. Response “c” applies if sectoral committees examined the budget (without regard to the time period), but did not publish a report prior to the adoption of the budget. Response “d” applies where sectoral committees did not examine the Executive’s Budget Proposal. 

Please note that the examination of sectoral budgets by a specialized budget or finance committee is assessed in Question 112 and should not be considered for this question.

Please provide in the comments a brief overview of the committee structure and specify the number of days that sectoral committees had available to examine the budget and to publish their reports. For bicameral legislatures where one house or chamber has greater constitutional authority in budgetary matters, the question applies to the house or chamber (usually the upper or second one) that is decisive. For bicameral legislatures with coequal houses or chambers, the question should be answered with reference to the one that achieves the higher score for this question. In the case of bicameral legislatures, please note the relevant arrangements in each house or chamber. If applicable, provide a sample copy of at least one of the reports. Please note if a report is published, but only after the budget has been adopted. 

For purposes of responding to this question, use those sectoral committees that are best performing – that is, the ones that examine the budget the longest and that publish reports.",1,No; Yes,0,Method: https://internationalbudget.org/sites/default/files/2024-05/2023-OBS-Questionnaire-and-Guidelines-English.pdf#page=127,Core,0,1,"Collapses multiple-choice question into a single binary question, focusing on the top two tiers. Disregards whether the committees had more or less than a month to examine the budget proposal.",,0.43,"Albania; Brazil; Bulgaria; Chile; Colombia; Croatia; Czechia; Ecuador; France; Georgia; Germany; Italy; Mexico; Moldova, Republic of; Mongolia; Montenegro; Morocco; New Zealand; Norway; Portugal; Romania; Senegal; Korea, Republic of; Sweden; Ukraine; United States",Argentina; Armenia; Australia; Benin; Bosnia and Herzegovina; Burkina Faso; Canada; Costa Rica; Cote d'Ivoire; Dominican Republic; Ghana; Guatemala; Honduras; Indonesia; Jamaica; Jordan; Kenya; Liberia; Malawi; Nigeria; North Macedonia; Papua New Guinea; Paraguay; Peru; Philippines; Serbia; Sierra Leone; Slovakia; South Africa; Spain; Timor-Leste; Tunisia; United Kingdom; Zambia,Cabo Verde; Estonia; Finland; Greece; Ireland; Israel; Kosovo; Lithuania; Latvia; Maldives; Malta; Netherlands; Panama; Seychelles; Uruguay,,1,
Fiscal Openness,Legislative Oversight,NA,fo_leg_03,Open Budget Survey,International Budget Partnership,2023,IBP,Review of budget implementation,fo_leg_imprev,q114,"In the past 12 months, a committee of the legislature examined in-year implementation of the Enacted Budget and published report(s) with findings and recommendations.","OBS assesses this indicator on a scale of a) through d). For OGP purposes, a score of a) or b) is considered “Yes”. A score of c) or d) is considered “No”. See how the OBS determines scores below.

Question 114 is about legislative oversight of budget execution. It assesses whether and how often a committee examined the implementation of the budget during the budget execution period (i.e., financial year) for which it was approved, and whether this resulted in an official report with findings and recommendations. This question does not apply to the ex post review of implementation following the end of the budget year as part of the audit stage, which is assessed separately. Nor does it apply to the legislature’s review of the budget that it may undertake as part of the process of considering a supplemental budget during the year. In-year monitoring by the legislature will be affected by the frequency that the executive publishes In-Year Reports. 

To answer “a,” a committee must have examined in-year implementation of the Enacted Budget at least three times during the course of the relevant budget year and published reports with findings and recommendations. Answer “b” applies where this occurred only once or twice during the year. Exception: If a legislature is in session only twice during the year, and it examines the implementation of the budget during both sessions, then it would be eligible for an “a” response. 

Choose “c” if a committee examined in-year implementation (without regard to frequency), but did not publish any report with findings and recommendations. Answer “d” applies where no committee examined in-year implementation. 

If the answer is “a” or “b,” please specify the name of the committee and when it reviewed budget implementation, and provide a copy of its report(s). If the answer is “c,” please specify the name of the committee and when it reviewed budget implementation. 

For purposes of responding to this question, if more than one committee holds in-year reviews of the budget, use the committee that is best performing – that is, the one that examines in-year implementation the most times and that publishes a report.",1,No; Yes,0,Method: https://internationalbudget.org/sites/default/files/2024-05/2023-OBS-Questionnaire-and-Guidelines-English.pdf#page=128,Core,0,1,"Collapses multiple-choice question into a single binary question, focusing on the top two tiers. Disregards how many times examined in-year implementation.",,0.22,"Benin; Croatia; Ecuador; Georgia; Jamaica; New Zealand; Norway; Philippines; South Africa; Korea, Republic of; Sweden; Ukraine; United States","Albania; Argentina; Armenia; Australia; Bosnia and Herzegovina; Brazil; Bulgaria; Burkina Faso; Canada; Chile; Colombia; Costa Rica; Cote d'Ivoire; Czechia; Dominican Republic; France; Germany; Ghana; Guatemala; Honduras; Indonesia; Italy; Jordan; Kenya; Liberia; Malawi; Mexico; Moldova, Republic of; Mongolia; Montenegro; Morocco; Nigeria; North Macedonia; Papua New Guinea; Paraguay; Peru; Portugal; Romania; Senegal; Serbia; Sierra Leone; Slovakia; Spain; Timor-Leste; Tunisia; United Kingdom; Zambia",Cabo Verde; Estonia; Finland; Greece; Ireland; Israel; Kosovo; Lithuania; Latvia; Maldives; Malta; Netherlands; Panama; Seychelles; Uruguay,,1,
Fiscal Openness,Legislative Oversight,NA,fo_leg_04,Open Budget Survey,International Budget Partnership,2023,IBP,Review of SAI audit report,fo_leg_auditrev,q118,A committee of the legislature examined the Audit Report on the annual budget produced by the SAI within six months of its availability and published a report with findings and recommendations.,"OBS assesses this indicator on a scale of a) through d). For OGP purposes, a score of a) or b) is considered “Yes”. A score of c) or d) is considered “No”. See how the OBS determines scores below.

Question 118 is about ex post oversight following the implementation of the budget. It probes whether a committee examined the Audit Report on the annual budget produced by the Supreme Audit Institution (SAI), and whether this resulted in an official report with findings and recommendations. A key issue is how soon after the SAI releases the report does it legislature review it. This question does not apply to the legislative scrutiny of in-year implementation of the Enacted Budget during the relevant budget execution period, which is assessed separately. Also, the question is asking specifically about the SAI’s annual report on the execution of the budget, not about other audit reports that the SAI may produce. (This is the Audit Report used for responding to Question 98.) 

To answer “a,” a legislative committee must have examined the annual Audit Report within three months of it being released by the SAI, and then published a report (or reports) with findings and recommendations. (Note that the three-month period should only take into account time when the legislature is in session.) 

Answer “b” applies when the committee examines it within six months of it being released (but more than three months), and then published a report with its findings and recommendations. Choose “c” if a committee examined the annual Audit Report more than six months after it became available or it did not publish any report with findings and recommendations. Answer “d” applies where no committee examined the annual Audit Report. If the answer is “a” or “b,” please specify the name of the committee and when it reviewed the Audit Report, and provide a copy of its report(s). 

If the answer is “c,” please specify the name of the committee and when it reviewed budget implementation. Answers “a,” “b,” or “c” may be selected if the Audit Report is produced by the SAI but not made publicly available.
",1,No; Yes,0,Method: https://internationalbudget.org/sites/default/files/2024-05/2023-OBS-Questionnaire-and-Guidelines-English.pdf#page=132,Core,0,1,"Collapses multiple-choice question into a single binary question, focusing on the top two tiers. Disregards whether the committee examined the Audit Report within three or six months of its availability.",,0.37,"Bosnia and Herzegovina; Brazil; Costa Rica; Croatia; Czechia; France; Georgia; Italy; Jamaica; Mexico; Moldova, Republic of; Mongolia; Montenegro; New Zealand; Norway; Peru; Philippines; South Africa; Korea, Republic of; Spain; Sweden; United Kingdom",Albania; Argentina; Armenia; Australia; Benin; Bulgaria; Burkina Faso; Canada; Chile; Colombia; Cote d'Ivoire; Dominican Republic; Ecuador; Germany; Ghana; Guatemala; Honduras; Indonesia; Jordan; Kenya; Liberia; Malawi; Morocco; Nigeria; North Macedonia; Papua New Guinea; Paraguay; Portugal; Romania; Senegal; Serbia; Sierra Leone; Slovakia; Timor-Leste; Tunisia; Ukraine; United States; Zambia,Cabo Verde; Estonia; Finland; Greece; Ireland; Israel; Kosovo; Lithuania; Latvia; Maldives; Malta; Netherlands; Panama; Seychelles; Uruguay,,1,
Fiscal Openness,Public Participation,Executive,fo_pp_01,Open Budget Survey,International Budget Partnership,2023,IBP,Participation in budget development,fo_pp_execdev,q125,The executive uses open participation mechanisms by which the public can provide input during the formulation of the annual budget.,"OBS assesses this indicator on a scale of a) through d). For OGP purposes, a score of a) or b) is considered “Yes”. A score of c) or d) is considered “No”. See how the OBS determines scores below.

This question reflects the GIFT principles on “Inclusiveness” and “Timeliness” and assesses the extent to which the participation mechanism(s) used by the executive are truly interactive and involve a two-way conversation between citizens and the executive. 

The drafting of this question and its answers are partially drawn from the IAP2 Spectrum of Public Participation, in particular with regards to the concepts of “involvement” (option “a” in the responses) and “consultation” (option “b”). See: https://cdn.ymaws.com/www.iap2.org/resource/resmgr/foundations_course/IAP2_P2_Spectrum_FINAL.pdf. 

Please consider only participation mechanisms that the Ministry of Finance, lead budget agency, or central coordinating agency designated by the government to implement participation mechanisms (“the executive”) is currently using to allow the public to participate in the formulation of the annual budget, including annual pre-budget discussions. Participation mechanisms used only by line ministries should not be used to answer this question. If there is more than one mechanism used by the executive, please select the deepest or most interactive mechanism that reflects the government’s efforts to incorporate citizens’ input into the formulation of the annual budget. The participation mechanisms can involve a range of different issues, such as spending and tax policy, funding and revenue levels, and macro-fiscal planning. 

To answer “a,” the executive must use open participation mechanisms that involve the public in the formulation of the annual budget. This means that a public process is in place whereby CSOs and/or individual members of the public and government officials interact, and have the opportunity to express their opinions to each other in what can be considered a public dialogue between them (i.e., in-person and online discussion forums). Additionally, the mechanism should be open to any CSO and/or individual members of the public who wish to participate. By selecting this answer, the researcher must present evidence to support the presence of a public dialogue among citizens and government officials. Examples include public meetings and online deliberative exchanges. 

Answer “b” applies if an open consultation mechanism is in place whereby members of the public (i.e., individuals and/or CSOs as well as academics, independent experts, policy think tanks, and business organizations) can provide their input in the formulation of the annual budget. This answer applies if the government is using a mechanism that is structured and well established, and not ad-hoc. The researcher must present evidence to support the presence of consultative processes through which the executive seeks out inputs from citizens. Examples include surveys, focus groups, report cards, published policy consultation exercises, and online platforms that government officials actively manage to solicit inputs. 

Answer “c” applies if the executive has established a mechanism or mechanisms to allow citizens to participate in the budget formulation phase, but: 

1) The mechanisms are not structured and happen only on ad-hoc basis, or not regularly. and/or 

2) The executive consults with and/or interacts with, citizens, but there is discretion in who is allowed to participate, and the executive determines fully or partially such selection process by inviting specific groups (for example by making an open call but just to experts from a particular sector, or naming specific organizations). While it is not possible for all citizens and/or CSOs to participate in this or other phases of the budget process, options “a” and “b” apply if the government does not exercise any discretion in determining who is allowed to participate. While there is likely going to be self-selection, it is important that the selection is not made by the executive. 

In cases where there is discretion in who is allowed to participate, to select answer choice “c”, there should be some sort of public record (held in public, minutes of meetings released to public) so that all CSOs and individual members of the public can have knowledge of the meeting, who participated, and what was discussed. 

Examples of mechanisms that might qualify as a “c” response include hotlines, Facebook announcements, and one-off meetings with NGOs in which there is a public record. 

The researcher must present evidence to support selection of a “c” response.

Answer “d” applies if the requirements for a “c” response or above are not met or if the executive does not use public participation mechanisms during the budget formulation stage.",1,No; Yes,0,Method: https://internationalbudget.org/sites/default/files/2024-05/2023-OBS-Questionnaire-and-Guidelines-English.pdf#page=137,Core,0,1,"Collapses multiple-choice question into a single binary question, focusing on the top two tiers. Disregards if the process is more consultative rather than collaborative.",,0.22,"Australia; Bulgaria; Canada; Dominican Republic; Georgia; Malawi; Moldova, Republic of; Nigeria; Sierra Leone; South Africa; Korea, Republic of; United Kingdom; Zambia",Albania; Argentina; Armenia; Benin; Bosnia and Herzegovina; Brazil; Burkina Faso; Chile; Colombia; Costa Rica; Cote d'Ivoire; Croatia; Czechia; Ecuador; France; Germany; Ghana; Guatemala; Honduras; Indonesia; Italy; Jamaica; Jordan; Kenya; Liberia; Mexico; Mongolia; Montenegro; Morocco; New Zealand; North Macedonia; Norway; Papua New Guinea; Paraguay; Peru; Philippines; Portugal; Romania; Senegal; Serbia; Slovakia; Spain; Sweden; Timor-Leste; Tunisia; Ukraine; United States,Cabo Verde; Estonia; Finland; Greece; Ireland; Israel; Kosovo; Lithuania; Latvia; Maldives; Malta; Netherlands; Panama; Seychelles; Uruguay,,1,
Fiscal Openness,Public Participation,Executive,fo_pp_02,Open Budget Survey,International Budget Partnership,2023,IBP,Feedback on public inputs (development),fo_pp_execdevfeed,q132,"The executive provides the public with the list of inputs received in the formulation of the annual budget, and a summary of how the inputs were used.","OBS assesses this indicator on a scale of a) through d). For OGP purposes, a score of a) or b) is considered “Yes”. A score of c) or d) is considered “No”. See how the OBS determines scores below.

This question reflects the GIFT principles of “Transparency” and “Sustainability”, and examines the extent to which the executive provides information to citizens on which public inputs were received, which ones are used in the formulation of the annual budget, and how/why. 

By “written record”, we mean a document that is produced and released by the lead budget agency (Ministry of Finance, Treasury) that has set up and holds the participation activity. 

Answer “a” applies when the executive provides a written document with: 
- The inputs (e.g., a written transcript) received from the public and 
- A detailed report on how the inputs were used or not used (such report should include information on which inputs were used or not used, why, and how) 

Answer “b” applies when the executive provides a written document that includes: 
- The inputs (e.g., a written transcript) received from the public and 
- A not-so-detailed report, such as a document with a few paragraphs, on how public inputs were used or not used. This document only gives a general idea on how those inputs were used or not used. 

Answer “c” applies when the executive provides a written document that includes: 
- The inputs (e.g., a written transcript) received from the public or 
- A report (being it detailed or not-so-detailed) on how public inputs have been used or not used. 

Answer “d” applies if the requirements for a “c” response or above are not met or if the executive does not use public participation mechanisms during the budget formulation stage.",1,No; Yes,0,Method: https://internationalbudget.org/sites/default/files/2024-05/2023-OBS-Questionnaire-and-Guidelines-English.pdf#page=146,Core,0,1,"Collapses multiple-choice question into a single binary question, focusing on the top two tiers. Disregards if the government provides a summary or detailed report of how public inputs were used.",,0.10,"Benin; Bulgaria; Dominican Republic; Slovakia; Korea, Republic of; Sweden","Albania; Argentina; Armenia; Australia; Bosnia and Herzegovina; Brazil; Burkina Faso; Canada; Chile; Colombia; Costa Rica; Cote d'Ivoire; Croatia; Czechia; Ecuador; France; Georgia; Germany; Ghana; Guatemala; Honduras; Indonesia; Italy; Jamaica; Jordan; Kenya; Liberia; Malawi; Mexico; Moldova, Republic of; Mongolia; Montenegro; Morocco; New Zealand; Nigeria; North Macedonia; Norway; Papua New Guinea; Paraguay; Peru; Philippines; Portugal; Romania; Senegal; Serbia; Sierra Leone; South Africa; Spain; Timor-Leste; Tunisia; Ukraine; United Kingdom; United States; Zambia",Cabo Verde; Estonia; Finland; Greece; Ireland; Israel; Kosovo; Lithuania; Latvia; Maldives; Malta; Netherlands; Panama; Seychelles; Uruguay,,1,
Fiscal Openness,Public Participation,Executive,fo_pp_03,Open Budget Survey,International Budget Partnership,2023,IBP,Participation in budget implementation,fo_pp_execimp,q128,The executive uses open participation mechanisms by which the public can provide input in monitoring the implementation of the annual budget.,"OBS assesses this indicator on a scale of a) through d). For OGP purposes, a score of a) or b) is considered “Yes”. A score of c) or d) is considered “No”. See how the OBS determines scores below.

This question reflects the GIFT principles on “Inclusiveness” and “Timeliness” and assesses the extent to which the participation mechanism(s) used by the executive are truly interactive and involve a two-way conversation between citizens and the executive.

The drafting of this question and its answers are partially drawn from the IAP2 Spectrum of Public Participation, in particular with regards to the concepts of “involvement” (option “a” in the responses) and “consultation” (option “b”). See: https://cdn.ymaws.com/www.iap2.org/resource/resmgr/foundations_course/IAP2_P2_Spectrum_FINAL.pdf.  

Please consider only participation mechanisms that the Ministry of Finance, lead budget agency, or central coordinating agency designated by the government to implement participation mechanisms (“the executive”) is currently using to allow the public to participate in monitoring the implementation of the annual budget. If the executive has designated a central coordinating agency to implement participation mechanisms throughout the national budget process, researchers may consider these mechanisms. Participation mechanisms used only by line ministries should not be used to answer this question. If there is more than one mechanism used by the executive, please select the deepest or most interactive mechanism that reflects the government’s efforts to incorporate citizens’ input into the implementation of the annual budget. The participation mechanisms can involve a range of different issues, such as revenue administration, public service delivery, public investment project implementation, including procurement, and the administration of social transfer schemes. 

To answer “a,” the executive must use open participation mechanisms that involve the public in the implementation of the annual budget. This means that a public process is in place whereby CSOs and/or individual members of the public and government officials interact, and have the opportunity to express their opinions to each other in what can be considered a public dialogue between them (i.e., in-person and online discussion forums). Additionally, the mechanism should be open to any CSO and/or individual members of the public who wish to participate. By selecting this answer, the researcher must present evidence to support the presence of a public dialogue among citizens and government official. Examples include public meetings, online, deliberative exchanges, procurement complaint mechanisms, and social monitoring and dialogue. 

Answer “b” applies if an open consultation mechanism is in place whereby members of the public (i.e., individuals and/or CSOs as well as academics, independent experts, policy think tanks, and business organizations) can provide their input on the implementation of the annual budget. This answer applies if the government is using a mechanism that is structured and well established, and not ad-hoc. The researcher must present evidence to support the presence of consultative processes through which the executive seeks out inputs from citizens. Examples include public hearings, surveys, focus groups, report cards, and online platforms that government officials actively manage to solicit inputs. 

Answer “c” applies if the executive has established a mechanism or mechanisms to allow citizens to provide input on budget implementation, but: 

1) The mechanisms are not structured, happen only on ad-hoc basis, or not regularly. and/or
2) The executive consults with and/or interacts with, citizens, but there is discretion in who is allowed to participate, and the executive determines fully or partially such selection process by inviting specific groups (for example by making an open call but just to experts from a particular sector, or naming specific organizations). While it is not possible for all citizens and/or CSOs to participate in this or other phases of the budget process, options “a” and “b” apply if the government does not exercise any discretion in determining who is allowed to participate. While there is likely going to be self-selection, it is important that the selection is not made by the executive. 

In cases where there is discretion in who is allowed to participate, to select answer choice “c”, the researcher must have evidence that the government is holding participation mechanisms that have some sort of public record (held in public, minutes of meetings released to public) so that all CSOs and members of the public can have knowledge of the meeting, who participated, and what was discussed. 

Examples include hotlines, Facebook announcements, one-off meetings with NGOs in which there is a public record. 

The researcher must present evidence to support selection of a “c” response. 

Answer “d” applies if the requirements for a “c” response or above are not met or if the executive does not use public participation mechanisms during the budget implementation stage.",1,No; Yes,0,Method: https://internationalbudget.org/sites/default/files/2024-05/2023-OBS-Questionnaire-and-Guidelines-English.pdf#page=141,Core,0,1,"Collapses multiple-choice question into a single binary question, focusing on the top two tiers. Disregards if the process is more consultative rather than collaborative.",,0.10,"Dominican Republic; Indonesia; Mexico; Mongolia; Morocco; Korea, Republic of","Albania; Argentina; Armenia; Australia; Benin; Bosnia and Herzegovina; Brazil; Bulgaria; Burkina Faso; Canada; Chile; Colombia; Costa Rica; Cote d'Ivoire; Croatia; Czechia; Ecuador; France; Georgia; Germany; Ghana; Guatemala; Honduras; Italy; Jamaica; Jordan; Kenya; Liberia; Malawi; Moldova, Republic of; Montenegro; New Zealand; Nigeria; North Macedonia; Norway; Papua New Guinea; Paraguay; Peru; Philippines; Portugal; Romania; Senegal; Serbia; Sierra Leone; Slovakia; South Africa; Spain; Sweden; Timor-Leste; Tunisia; Ukraine; United Kingdom; United States; Zambia",Cabo Verde; Estonia; Finland; Greece; Ireland; Israel; Kosovo; Lithuania; Latvia; Maldives; Malta; Netherlands; Panama; Seychelles; Uruguay,,1,
Fiscal Openness,Public Participation,Executive,fo_pp_04,Open Budget Survey,International Budget Partnership,2023,IBP,Feedback on public inputs (implementation),fo_pp_execimpfeed,q133,"The executive provides the public with the list of inputs received to assist in monitoring the implementation of the annual budget, and a summary of how the inputs were used.","OBS assesses this indicator on a scale of a) through d). For OGP purposes, a score of a) or b) is considered “Yes”. A score of c) or d) is considered “No”. See how the OBS determines scores below.

This question reflects the GIFT principles of “Transparency” and “Sustainability”, and examines the extent to which the executive provides information to citizens on which public inputs were received during the implementation of the annual budget, which ones are take into account to improve budget monitoring, and how/why. 

By “written record”, we mean a document that is produced and released by the lead budget agency (Ministry of Finance, Treasury) that has set up and holds the participation activity. 

Answer “a” applies when the executive provides a written document with: 
- The inputs (e.g., a written transcript) received from the public and 
- A detailed report on how the inputs were used or not used (such report should include information on which inputs were used or not used, why, and how)

Answer “b” applies when the executive provides a written document that includes: 
- The inputs received (e.g., a written transcript) from the public and 
- A not-so-detailed report, such as a document with a few paragraphs, on how public inputs were used or not used. This document only gives a general idea on how those inputs were or were not taken into account by the executive during budget monitoring. 

Answer “c” applies when the executive provides a written document that includes: 
- The inputs (e.g., a written transcript) received from the public or 
- A report (being it detailed or not-so-detailed) on how public inputs have been used or not used. 

Answer “d” applies if the requirements for a “c” response or above are not met or if the executive does not use public participation mechanisms during the budget implementation stage.",1,No; Yes,0,Method: https://internationalbudget.org/sites/default/files/2024-05/2023-OBS-Questionnaire-and-Guidelines-English.pdf#page=147,Core,0,1,"Collapses multiple-choice question into a single binary question, focusing on the top two tiers. Disregards if the government provides a summary or detailed report of how public inputs were used.",,0.02,"Korea, Republic of","Albania; Argentina; Armenia; Australia; Benin; Bosnia and Herzegovina; Brazil; Bulgaria; Burkina Faso; Canada; Chile; Colombia; Costa Rica; Cote d'Ivoire; Croatia; Czechia; Dominican Republic; Ecuador; France; Georgia; Germany; Ghana; Guatemala; Honduras; Indonesia; Italy; Jamaica; Jordan; Kenya; Liberia; Malawi; Mexico; Moldova, Republic of; Mongolia; Montenegro; Morocco; New Zealand; Nigeria; North Macedonia; Norway; Papua New Guinea; Paraguay; Peru; Philippines; Portugal; Romania; Senegal; Serbia; Sierra Leone; Slovakia; South Africa; Spain; Sweden; Timor-Leste; Tunisia; Ukraine; United Kingdom; United States; Zambia",Cabo Verde; Estonia; Finland; Greece; Ireland; Israel; Kosovo; Lithuania; Latvia; Maldives; Malta; Netherlands; Panama; Seychelles; Uruguay,,1,
Fiscal Openness,Public Participation,Legislature,fo_pp_05,Open Budget Survey,International Budget Partnership,2023,IBP,Participation in budget deliberations,fo_pp_legdelib,q136,The legislature or relevant legislative committee(s) hold public hearings and receive public contributions during the deliberations on the formulation of the annual budget.,"OBS assesses this indicator on a scale of a) through d). For OGP purposes, a score of a) or b) is considered “Yes”. A score of c) or d) is considered “No”. See how the OBS determines scores below.

This question reflects the GIFT principle on “Sustainability,” “Transparency,” and “Complementarity” and assesses the extent to which the participation mechanism(s) used by the legislative are interactive and involve a two-way conversation between citizens and the legislature, rather than being limited to allowing the public to attend or hear public budget deliberations. 

Please consider participation mechanisms that the legislature (both in its whole institution or its relevant budget/public accounts/finance committees) has put in place and is using to allow the public to participate in their deliberations on the annual budget. This includes deliberations during the pre-budget phase (i.e., when the executive is still in the process of formulating the draft budget) and the budget discussions after the budget has been tabled to parliament and before it is approved. In the comment box, please specify during which stage of the budget cycle the legislature has put in place a public participation mechanism. 

Mechanisms through which members of the public reach out to individual Members of Parliament as opposed to the legislature (both in its whole institution or its relevant budget/public accounts/finance committees) or unofficial hearings organized by a subset of committee members should not be considered in answering this question. 

If there is more than one mechanism, please select a mechanism that best shows/reflects the legislature’s efforts to incorporate citizens into the formulation of the annual budget. The participation mechanisms can involve a range of different issues, such as revenues, policy selection, and macro-fiscal planning (please note that the issue of coverage is covered in a subsequent question). 

To answer “a,” the legislature must hold public hearings where citizens are allowed to testify. This answer applies only if the legislature does not exercise discretion in determining which citizens and/or CSOs can testify (for example, participation takes place on a first-come-first-served basis).

Answer “b” should be selected if the following applies: 
• The legislature holds public hearings on the budget; 
• Testimony is not allowed from members of the public or CSOs; but 
• There are other means used by the legislature to receive and collect views from citizens and CSOs on the budget, and the legislature does not exercise discretion in determining which citizens and/or CSOs can provide input. The researcher must provide evidence to support the presence of those alternative processes through which the legislature seeks inputs from citizens. For example, there should be a public record indicating that views from citizens and the public were sought. 

Answer “c” should be selected if the following applies: 
• The legislature holds public hearings on the budget; 
• Testimony is not allowed from members of the public or CSOs; 
• No other means are used by the legislature to receive and collect views/input from citizens and CSOs on the budget, but 
• The legislature invites a few individuals/groups to provide input (through public hearings or elsewhere).
• The legislature has a provision (via standing orders or in law) through which the public can submit their inputs, and members of the public or CSOs actively use it to submit opinions on the budget.

Answer “d” applies if the requirements for a “c” response or above are not met or if the legislature does not use public participation mechanisms during its deliberations on the annual budget.",1,No; Yes,0,Method: https://internationalbudget.org/sites/default/files/2024-05/2023-OBS-Questionnaire-and-Guidelines-English.pdf#page=151,Core,0,1,"Collapses multiple-choice question into a single binary question, focusing on the top two tiers. Disregards if the public/CSOs testify, or participate through other means.",,0.18,Australia; Canada; Georgia; Italy; Kenya; Mongolia; Montenegro; New Zealand; Norway; Peru; United States,"Albania; Argentina; Armenia; Benin; Bosnia and Herzegovina; Brazil; Bulgaria; Burkina Faso; Chile; Colombia; Costa Rica; Cote d'Ivoire; Croatia; Czechia; Dominican Republic; Ecuador; France; Germany; Ghana; Guatemala; Honduras; Indonesia; Jamaica; Jordan; Liberia; Malawi; Mexico; Moldova, Republic of; Morocco; Nigeria; North Macedonia; Papua New Guinea; Paraguay; Philippines; Portugal; Romania; Senegal; Serbia; Sierra Leone; Slovakia; South Africa; Korea, Republic of; Spain; Sweden; Timor-Leste; Tunisia; Ukraine; United Kingdom; Zambia",Cabo Verde; Estonia; Finland; Greece; Ireland; Israel; Kosovo; Lithuania; Latvia; Maldives; Malta; Netherlands; Panama; Seychelles; Uruguay,,1,
Fiscal Openness,Public Participation,Legislature,fo_pp_06,Open Budget Survey,International Budget Partnership,2023,IBP,Feedback on public inputs (budget deliberations),fo_pp_legdelibfeed,q138,"The legislature provides the public with the list of inputs received during legislative deliberations on the annual budget, and a summary of how the inputs were used.","OBS assesses this indicator on a scale of a) through d). For OGP purposes, a score of a) or b) is considered “Yes”. A score of c) or d) is considered “No”. See how the OBS determines scores below.

This question reflects the GIFT principles of “Transparency” and “Sustainability”, and examines the extent to which the legislature provides information to citizens on which public inputs were received and how inputs were used during legislative deliberations (please note that these deliberations can refer to the pre-budget and approval phases). By “written record” in this question, we mean a document that is produced and released by the legislature. 

Answer “a” applies when the legislature provides a written document with: 
- The inputs received from the public (e.g., a written transcript) and 
- A detailed report on how the inputs were used or not used (such report should include information on which inputs were used or not used, why, and how). 

Answer “b” applies when the legislature provides a written document that includes: 
- The inputs received from the public (e.g., a written transcript) and 
- A not-so-detailed report on how public inputs were used or not used. This document only gives a general idea on how those inputs were used or not used in legislative deliberations on the annual budget (please note that these deliberations refer to the pre-budget and approval phases). 

Answer “c” applies when the legislature makes available a video recording of the relevant legislative session or provides a written document that includes: 
- The inputs received from the public (e.g., a written transcript) or 
- A report (being it detailed or not-so-detailed) on how public inputs have been used or not used.

Answer “d” applies if the requirements for a “c” response or above are not met or if the legislature does not use public participation mechanisms during its deliberations on the annual budget.",1,No; Yes,0,Method: https://internationalbudget.org/sites/default/files/2024-05/2023-OBS-Questionnaire-and-Guidelines-English.pdf#page=152,Core,0,1,"Collapses multiple-choice question into a single binary question, focusing on the top two tiers. Disregards if the legislature provides a summary or detailed report of how public inputs were used.",,0.07,Canada; Kenya; South Africa; Zambia,"Albania; Argentina; Armenia; Australia; Benin; Bosnia and Herzegovina; Brazil; Bulgaria; Burkina Faso; Chile; Colombia; Costa Rica; Cote d'Ivoire; Croatia; Czechia; Dominican Republic; Ecuador; France; Georgia; Germany; Ghana; Guatemala; Honduras; Indonesia; Italy; Jamaica; Jordan; Liberia; Malawi; Mexico; Moldova, Republic of; Mongolia; Montenegro; Morocco; New Zealand; Nigeria; North Macedonia; Norway; Papua New Guinea; Paraguay; Peru; Philippines; Portugal; Romania; Senegal; Serbia; Sierra Leone; Slovakia; Korea, Republic of; Spain; Sweden; Timor-Leste; Tunisia; Ukraine; United Kingdom; United States",Cabo Verde; Estonia; Finland; Greece; Ireland; Israel; Kosovo; Lithuania; Latvia; Maldives; Malta; Netherlands; Panama; Seychelles; Uruguay,,1,
Fiscal Openness,Public Participation,Legislature,fo_pp_07,Open Budget Survey,International Budget Partnership,2023,IBP,Participation in audit report deliberations,fo_pp_legauditdelib,q139,The legislature holds public hearings and receives public contributions during the deliberations on the Audit Report.,"OBS assesses this indicator on a scale of a) through d). For OGP purposes, a score of a) or b) is considered “Yes”. A score of c) or d) is considered “No”. See how the OBS determines scores below.

This question reflects the GIFT principle on “Sustainability,” “Transparency,” and “Complementarity” and assesses the extent to which the participation mechanism(s) used by the legislative are interactive and involve a two-way conversation between citizens and the legislature, rather than being limited to allowing the public to attend or hear public budget deliberations. 

A key constitutional role of the legislature in almost all countries is to oversee the government’s management of public resources. While the Supreme Audit Institution is responsible for checking the government’s accounts and publishing the outcome of their audits, for accountability purposes it is essential that the legislature reviews and scrutinizes those reports, and checks on whether the executive is taking the appropriate corrective actions based on the Supreme Audit Institution’s recommendations. 

Holding public hearings to review audit findings allows the public to learn more about how the government has managed its resources for the budget years that have ended, and demand accountability in case of mismanagement and irregularities. Reviewing and discussing those reports in public is therefore a key responsibility of a legislature. 

Please note that by “Audit Report” we refer to the same audit report assessed in the transparency section of this Survey, i.e., one of the eight key budget documents that all governments (in this case, the Supreme Audit Institution) must produce, according to best practice. 

Please consider participation mechanisms that the legislature (both in its whole institution or its relevant budget/public accounts/finance committees) have put in place and using to allow the public to participate in their deliberations on the Audit Report.

Mechanisms through which members of the public reach out to individual members of parliament as opposed to the legislature (both in its whole institution or its relevant budget/public accounts/finance committees) or unofficial hearings organized by a subset of committee members should not be considered in answering this question. 

To answer “a,” the national legislature must hold public hearings where citizens are allowed to testify. This answer applies only if the legislature does not exercise discretion in determining which citizens and/or CSOs can testify (for example, participation takes place on a first-come-first-served basis). 

Answer “b” should be selected if the following applies: 
• The legislature holds public hearings on the Audit Report; 
• No testimony is allowed from the public; BUT 
• There are other means used by the legislature to receive and collect views from citizens and CSOs on the Audit Report, and the legislature does not exercise discretion in determining which citizens and/or CSOs can provide input. The researcher must provide evidence to support the presence of those alternative processes through which the legislature seeks inputs from citizens. For example, there should be a public record indicating that views from citizens and the public were sought. 

Answer “c” should be selected if the following applies: 
• The legislature holds public hearings on the Audit Report; 
• No testimony is allowed from the public; 
• No other means are used by the legislature to receive and collect views/input from citizens and CSOs on the Audit Report, BUT 
• The legislature invites a few individuals/groups to provide input (through public hearings or elsewhere) 

Answer “d” applies if the requirements for a “c” response or above are not met or if the legislature does not use public participation mechanisms during its deliberations on the Audit Report.",1,No; Yes,0,Method: https://internationalbudget.org/sites/default/files/2024-05/2023-OBS-Questionnaire-and-Guidelines-English.pdf#page=154,Core,0,1,"Collapses multiple-choice question into a single binary question, focusing on the top two tiers. Disregards if the public/CSOs testify, or participate through other means.",,0.03,Georgia; United Kingdom,"Albania; Argentina; Armenia; Australia; Benin; Bosnia and Herzegovina; Brazil; Bulgaria; Burkina Faso; Canada; Chile; Colombia; Costa Rica; Cote d'Ivoire; Croatia; Czechia; Dominican Republic; Ecuador; France; Germany; Ghana; Guatemala; Honduras; Indonesia; Italy; Jamaica; Jordan; Kenya; Liberia; Malawi; Mexico; Moldova, Republic of; Mongolia; Montenegro; Morocco; New Zealand; Nigeria; North Macedonia; Norway; Papua New Guinea; Paraguay; Peru; Philippines; Portugal; Romania; Senegal; Serbia; Sierra Leone; Slovakia; South Africa; Korea, Republic of; Spain; Sweden; Timor-Leste; Tunisia; Ukraine; United States; Zambia",Cabo Verde; Estonia; Finland; Greece; Ireland; Israel; Kosovo; Lithuania; Latvia; Maldives; Malta; Netherlands; Panama; Seychelles; Uruguay,,1,
Fiscal Openness,Public Participation,SAIs,fo_pp_08,Open Budget Survey,International Budget Partnership,2023,IBP,Public proposals for audits,fo_pp_saiprop,q140,The SAI maintains formal mechanisms through which the public can suggest issues/topics to include in its audit program.,"OBS assesses this indicator on a scale of a) through d). For OGP purposes, a score of a) is considered “Yes”. A score of b), c) or d) is considered “No”. See how the OBS determines scores below.

This question assesses whether the Supreme Audit Institution (SAI) has established mechanisms through which the public can provide suggestions on issues/topics to be included in its audit program. When deciding its audit agenda, the SAI may undertake audits for a sample of agencies, projects, and programs in the country; and such a selection could be based on complaints and suggestions made by members of the public. To receive such suggestions, the SAI may create formal mechanisms, like setting up a website, hotline, or office (or assigning staff to liaise with the public).

Please note that formal mechanisms that do not explicitly seek the public’s input in the audit program (such as general comment submission boxes on the SAI’s website) should not be considered for this question.",1,No; Yes,0,Method: https://internationalbudget.org/sites/default/files/2024-05/2023-OBS-Questionnaire-and-Guidelines-English.pdf#page=154,Core,0,0,,,0.55,"Argentina; Australia; Bosnia and Herzegovina; Brazil; Chile; Colombia; Costa Rica; Dominican Republic; Ecuador; France; Georgia; Germany; Ghana; Guatemala; Honduras; Indonesia; Jamaica; Mexico; Moldova, Republic of; Mongolia; New Zealand; North Macedonia; Norway; Paraguay; Peru; Philippines; Portugal; Romania; Slovakia; Korea, Republic of; Ukraine; United Kingdom; United States",Albania; Armenia; Benin; Bulgaria; Burkina Faso; Canada; Cote d'Ivoire; Croatia; Czechia; Italy; Jordan; Kenya; Liberia; Malawi; Montenegro; Morocco; Nigeria; Papua New Guinea; Senegal; Serbia; Sierra Leone; South Africa; Spain; Sweden; Timor-Leste; Tunisia; Zambia,Cabo Verde; Estonia; Finland; Greece; Ireland; Israel; Kosovo; Lithuania; Latvia; Maldives; Malta; Netherlands; Panama; Seychelles; Uruguay,,1,
Fiscal Openness,Public Participation,SAIs,fo_pp_09,Open Budget Survey,International Budget Partnership,2023,IBP,Feedback on public proposals,fo_pp_saipropfeed,q141,"The SAI provides the public with the list of inputs received to determine its audit program, and a summary of how the inputs were used.","OBS assesses this indicator on a scale of a) through d). For OGP purposes, a score of a) or b) is considered “Yes”. A score of c) or d) is considered “No”. See how the OBS determines scores below.

This question reflects the GIFT principles of “Transparency” and “Sustainability”, and examines the extent to which the Supreme Audit Institution provides information to citizens on which public inputs were received, which ones are used to determine the Supreme Audit Institution’s audit program. By “written record” in this question, we mean a document that is produced and released by the Supreme Audit Institution. 

Answer “a” applies when the Supreme Audit Institution provides a written document with: - The inputs received from the public and - A detailed report on how the inputs were used or not used (such report should include information on which inputs were used or not used, why, and how). 

Answer “b” applies when the SAI provides a written document that includes: - The inputs received from the public and - A not-so-detailed report on how public inputs were used or not used. This document only gives a general idea on how those inputs were used or not used to determine the SAI’s annual audit program. 

Answer “c” applies when the SAI provides a written document that includes: - The received from the public or - A report (being it detailed or not-so-detailed) on how public inputs have been used or not used.

Answer “d” applies if requirements for a “c” response or above are not met or if maintain formal mechanisms through which the public can suggests issues/topics to include in the SAI’s audit program.",1,No; Yes,0,Method: https://internationalbudget.org/sites/default/files/2024-05/2023-OBS-Questionnaire-and-Guidelines-English.pdf#page=155,Core,0,1,"Collapses multiple-choice question into a single binary question, focusing on the top two tiers. Disregards if the SAI provides a summary or detailed report of how public inputs were used.",,0.12,"Argentina; Ecuador; France; Indonesia; Portugal; Korea, Republic of; United Kingdom","Albania; Armenia; Australia; Benin; Bosnia and Herzegovina; Brazil; Bulgaria; Burkina Faso; Canada; Chile; Colombia; Costa Rica; Cote d'Ivoire; Croatia; Czechia; Dominican Republic; Georgia; Germany; Ghana; Guatemala; Honduras; Italy; Jamaica; Jordan; Kenya; Liberia; Malawi; Mexico; Moldova, Republic of; Mongolia; Montenegro; Morocco; New Zealand; Nigeria; North Macedonia; Norway; Papua New Guinea; Paraguay; Peru; Philippines; Romania; Senegal; Serbia; Sierra Leone; Slovakia; South Africa; Spain; Sweden; Timor-Leste; Tunisia; Ukraine; United States; Zambia",Cabo Verde; Estonia; Finland; Greece; Ireland; Israel; Kosovo; Lithuania; Latvia; Maldives; Malta; Netherlands; Panama; Seychelles; Uruguay,,1,
Fiscal Openness,Public Participation,SAIs,fo_pp_10,Open Budget Survey,International Budget Partnership,2023,IBP,Public contributions to investigations,fo_pp_invest,q142,The SAI maintains formal mechanisms through which the public can contribute to audit investigations.,"OBS assesses this indicator on a scale of a) through d). For OGP purposes, a score of a) is considered “Yes”. A score of b), c) or d) is considered “No”. See how the OBS determines scores below.

This question mirrors question 140, but instead of covering public assistance in formulating the SAI’s audit program, it focuses on whether the Supreme Audit Institution has established mechanisms through which the public can participate in audit investigations. In addition to seeking public input to determine its audit agenda, the SAI may wish to provide formal opportunities for the public and civil society organizations to participate in the actual audit investigations, as witnesses or respondents.",1,No; Yes,0,Method: https://internationalbudget.org/sites/default/files/2024-05/2023-OBS-Questionnaire-and-Guidelines-English.pdf#page=156,Core,0,0,,,0.33,"Australia; Brazil; Colombia; Czechia; Dominican Republic; Ecuador; France; Georgia; Germany; Jamaica; New Zealand; Peru; Philippines; Portugal; Sierra Leone; Slovakia; South Africa; Korea, Republic of; Sweden; United Kingdom","Albania; Argentina; Armenia; Benin; Bosnia and Herzegovina; Bulgaria; Burkina Faso; Canada; Chile; Costa Rica; Cote d'Ivoire; Croatia; Ghana; Guatemala; Honduras; Indonesia; Italy; Jordan; Kenya; Liberia; Malawi; Mexico; Moldova, Republic of; Mongolia; Montenegro; Morocco; Nigeria; North Macedonia; Norway; Papua New Guinea; Paraguay; Romania; Senegal; Serbia; Spain; Timor-Leste; Tunisia; Ukraine; United States; Zambia",Cabo Verde; Estonia; Finland; Greece; Ireland; Israel; Kosovo; Lithuania; Latvia; Maldives; Malta; Netherlands; Panama; Seychelles; Uruguay,,1,