,,,,,,OGP VALUE,,,,DEGREE OF DIFFICULTY,,,BRANCH OF GOV'T,,,,
Rec ID,Chapter,Recomendation Title,Recommendation text,Recommendation Full,Benchmark Area,Transparency,Civic Participation,Public Accountability,Inclusion,Foundational,Intermediate,Advanced,Executive,Legislative,Primary ,All,
RCID_001,Asset/Interest,Create a legal framework on asset disclosure,"Establish or strengthen laws or regulations on asset and interest disclosure, which should include: what information can be made public, who must disclose their assets and interests, and the scope of assets and interests to be disclosed. A law should also mandate an institution or agency to collect and publish the data.

- Require disclosure first from the most senior-level officials, elected officials, and members of the judiciary. As capacity allows, apply regulations to more public officials who hold high-risk positions and their close family members. (See Section 5, Table 1, in the Australia Public Service Values and Code of Conduct for an example of a systematic description of high-risk positions.)
- Broaden requirements to include disclosure of the asset and interest types at most risk for corrupt activity (such as financial, moveable and non-moveable, and in-kind benefits), as well as liabilities and conflicts of interest. This should include disclosure of board memberships, secondary employment, shareholder interests, and beneficial ownership of any assets at home or abroad. 
- Increase the regularity of submissions. Require officials to disclose conflicts of interest as they arise rather than only at set intervals.","Create a legal framework on asset disclosure: Establish or strengthen laws or regulations on asset and interest disclosure, which should include: what information can be made public, who must disclose their assets and interests, and the scope of assets and interests to be disclosed. A law should also mandate an institution or agency to collect and publish the data.

- Require disclosure first from the most senior-level officials, elected officials, and members of the judiciary. As capacity allows, apply regulations to more public officials who hold high-risk positions and their close family members. (See Section 5, Table 1, in the Australia Public Service Values and Code of Conduct for an example of a systematic description of high-risk positions.)
- Broaden requirements to include disclosure of the asset and interest types at most risk for corrupt activity (such as financial, moveable and non-moveable, and in-kind benefits), as well as liabilities and conflicts of interest. This should include disclosure of board memberships, secondary employment, shareholder interests, and beneficial ownership of any assets at home or abroad. 
- Increase the regularity of submissions. Require officials to disclose conflicts of interest as they arise rather than only at set intervals.",Anti-Corruption,1,0,0,0,1,0,0,0,1,,RCID_001; RCID_002; RCID_003; RCID_004; RCID_005; RCID_006; RCID_007; RCID_008; RCID_009; RCID_010; RCID_011; RCID_012,Anti-Corruption
RCID_002,Asset/Interest,Create an oversight body,"Create an oversight body with investigative and sanctioning powers to verify asset and interest disclosure data, enforce regulations, and/or receive complaints from the public. 

- There are different models for this. In some countries, such as Paraguay, the supreme audit institution is legally responsible for monitoring and verifying submissions. Other countries may assign relevant anti-corruption bodies to take on the oversight role, like in Ukraine and Indonesia.","Create an oversight body: Create an oversight body with investigative and sanctioning powers to verify asset and interest disclosure data, enforce regulations, and/or receive complaints from the public. 

- There are different models for this. In some countries, such as Paraguay, the supreme audit institution is legally responsible for monitoring and verifying submissions. Other countries may assign relevant anti-corruption bodies to take on the oversight role, like in Ukraine and Indonesia.",Anti-Corruption,0,0,1,0,1,0,0,0,1,,RCID_001; RCID_002; RCID_003; RCID_004; RCID_005; RCID_006; RCID_007; RCID_008; RCID_009; RCID_010; RCID_011; RCID_012,Anti-Corruption
RCID_003,Asset/Interest,Require reporting from the oversight body,Require the oversight body to regularly report to the legislature and public on fulfilling the asset and interest disclosure requirements.,Require reporting from the oversight body: Require the oversight body to regularly report to the legislature and public on fulfilling the asset and interest disclosure requirements.,Anti-Corruption,0,0,1,0,0,1,0,0,1,,RCID_001; RCID_002; RCID_003; RCID_004; RCID_005; RCID_006; RCID_007; RCID_008; RCID_009; RCID_010; RCID_011; RCID_012,Anti-Corruption
RCID_004,Asset/Interest,Collect and verify data,"Verify submitted information using a risk-based approach. To do so, the oversight body’s mandate must include the legal right to access other government records and private sector information for verification purposes.

- Create channels of cooperation between the agency in charge of collecting and verifying data and relevant agencies, such as tax authorities or financial intelligence units that can assist with verification.
- Use globally or regionally interoperable unique identifiers for data to enable better data sharing internationally and strengthen channels of cooperation and data sharing with other countries.","Collect and verify data: Verify submitted information using a risk-based approach. To do so, the oversight body’s mandate must include the legal right to access other government records and private sector information for verification purposes.

- Create channels of cooperation between the agency in charge of collecting and verifying data and relevant agencies, such as tax authorities or financial intelligence units that can assist with verification.
- Use globally or regionally interoperable unique identifiers for data to enable better data sharing internationally and strengthen channels of cooperation and data sharing with other countries.",Anti-Corruption,0,0,1,0,0,1,0,1,1,,RCID_001; RCID_002; RCID_003; RCID_004; RCID_005; RCID_006; RCID_007; RCID_008; RCID_009; RCID_010; RCID_011; RCID_012,Anti-Corruption
RCID_005,Asset/Interest,Publish asset and interest disclosure data,"Require the publication of asset and interest disclosure data for monitoring by civil society, journalists, and other interested members of the public. Data should be free, machine-readable, and available in bulk download.

- Publish as much information as possible. Protect sensitive information only when necessary and explain why such data cannot be made public. 
- Conduct outreach and training to increase the capacity of public officials and non-state actors to understand and use asset and interest disclosure data.","Publish asset and interest disclosure data: Require the publication of asset and interest disclosure data for monitoring by civil society, journalists, and other interested members of the public. Data should be free, machine-readable, and available in bulk download.

- Publish as much information as possible. Protect sensitive information only when necessary and explain why such data cannot be made public. 
- Conduct outreach and training to increase the capacity of public officials and non-state actors to understand and use asset and interest disclosure data.",Anti-Corruption,1,1,0,0,0,1,0,0,1,,RCID_001; RCID_002; RCID_003; RCID_004; RCID_005; RCID_006; RCID_007; RCID_008; RCID_009; RCID_010; RCID_011; RCID_012,Anti-Corruption
RCID_006,Asset/Interest,Update data regularly,"Ensure data is updated regularly, and make historical data available to allow monitoring for changes over time.","Update data regularly: Ensure data is updated regularly, and make historical data available to allow monitoring for changes over time.",Anti-Corruption,1,0,0,0,0,1,0,1,0,,RCID_001; RCID_002; RCID_003; RCID_004; RCID_005; RCID_006; RCID_007; RCID_008; RCID_009; RCID_010; RCID_011; RCID_012,Anti-Corruption
RCID_007,Asset/Interest,Centralize data,"Create one online system to streamline submission of asset and interest disclosure data, and ensure system administrators are well-equipped to assist those submitting information, such as in Ukraine.","Centralize data: Create one online system to streamline submission of asset and interest disclosure data, and ensure system administrators are well-equipped to assist those submitting information, such as in Ukraine.",Anti-Corruption,1,0,0,0,0,1,0,1,0,,RCID_001; RCID_002; RCID_003; RCID_004; RCID_005; RCID_006; RCID_007; RCID_008; RCID_009; RCID_010; RCID_011; RCID_012,Anti-Corruption
RCID_008,Asset/Interest,Make data interoperable,"Make asset and interest disclosure data interoperable with other datasets, including data on lobbying, political finance, land ownership, beneficial ownership, and public procurement to ensure oversight mechanisms can cross-check data.

- Create unique identifiers for individuals who submit declarations that can be used across datasets. 
- Consider introducing automatic red-flagging on conflicts of interest for high-risk areas such as public procurement, like in Romania’s PREVENT system.","Make data interoperable: Make asset and interest disclosure data interoperable with other datasets, including data on lobbying, political finance, land ownership, beneficial ownership, and public procurement to ensure oversight mechanisms can cross-check data.

- Create unique identifiers for individuals who submit declarations that can be used across datasets. 
- Consider introducing automatic red-flagging on conflicts of interest for high-risk areas such as public procurement, like in Romania’s PREVENT system.",Anti-Corruption,1,0,1,0,0,0,1,1,0,,RCID_001; RCID_002; RCID_003; RCID_004; RCID_005; RCID_006; RCID_007; RCID_008; RCID_009; RCID_010; RCID_011; RCID_012,Anti-Corruption
RCID_009,Asset/Interest,Accelerate right to information responses,Provide timely and adequate responses for verification of specific information when journalists or members of the public request additional information to which they are legally entitled.,Accelerate right to information responses: Provide timely and adequate responses for verification of specific information when journalists or members of the public request additional information to which they are legally entitled. ,Anti-Corruption,1,0,0,0,0,0,1,1,0,,RCID_001; RCID_002; RCID_003; RCID_004; RCID_005; RCID_006; RCID_007; RCID_008; RCID_009; RCID_010; RCID_011; RCID_012,Anti-Corruption
RCID_010,Asset/Interest,Create an enforcement mechanism,"Establish and enforce penalties or sanctions for non-compliant public officials, for non-submission, or the submission of false or incomplete information.

- Penalties should be proportionate to the level of offense, including consequences for non-compliance and falsification of information. For example, a judicial vetting process in Albania, which included an assessment of asset disclosures, led to the dismissal or resignation of over 100 magistrates between 2017 and 2020 due to misconduct.","Create an enforcement mechanism: Establish and enforce penalties or sanctions for non-compliant public officials, for non-submission, or the submission of false or incomplete information.

- Penalties should be proportionate to the level of offense, including consequences for non-compliance and falsification of information. For example, a judicial vetting process in Albania, which included an assessment of asset disclosures, led to the dismissal or resignation of over 100 magistrates between 2017 and 2020 due to misconduct.",Anti-Corruption,0,0,1,0,0,1,0,1,1,,RCID_001; RCID_002; RCID_003; RCID_004; RCID_005; RCID_006; RCID_007; RCID_008; RCID_009; RCID_010; RCID_011; RCID_012,Anti-Corruption
RCID_011,Asset/Interest,Create a complaint mechanism,"Create a complaint mechanism for the media, civil society, or interested members of the public to request verification of certain information. The government body responsible for the information should investigate and respond to all requests in a timely manner.","Create a complaint mechanism: Create a complaint mechanism for the media, civil society, or interested members of the public to request verification of certain information. The government body responsible for the information should investigate and respond to all requests in a timely manner. ",Anti-Corruption,0,0,1,0,0,1,0,0,1,,RCID_001; RCID_002; RCID_003; RCID_004; RCID_005; RCID_006; RCID_007; RCID_008; RCID_009; RCID_010; RCID_011; RCID_012,Anti-Corruption
RCID_012,Asset/Interest,Publish compliance and enforcement history,"Publish data on compliance rates, false submissions, and the sanctions given for false submissions.","Publish compliance and enforcement history: Publish data on compliance rates, false submissions, and the sanctions given for false submissions.",Anti-Corruption,1,0,1,0,0,0,1,1,0,,RCID_001; RCID_002; RCID_003; RCID_004; RCID_005; RCID_006; RCID_007; RCID_008; RCID_009; RCID_010; RCID_011; RCID_012,Anti-Corruption
RCID_013,Beneficial Ownership,Create laws and regulations,"Draft and implement legislation and regulations that mandate the collection and publication of company beneficial ownership information, particularly through a central register.

- Work with civil society, the private sector, data users, and other key actors to set the parameters of this legislation, especially if taking a phased approach by focusing on a specific industry or companies bidding for public procurement. 
 - Consider including specific definitions for different kinds of beneficial ownership. Beyond company beneficial ownership, multiple legal vehicles (such as trusts) are used to disguise beneficial owners. The OGP Support Unit’s Global Report provides additional details on how to address risks associated with non-company beneficial ownership. 
 - Targeting specific industries is especially relevant for extractive industries such as mining. The Extractive Industries Transparency Initiative (EITI) highlights how company beneficial ownership transparency applies in oil, gas, and mining. EITI also requires member countries to ensure extractive industry companies disclose their beneficial owners in its standard. Indonesia’s efforts to disclose beneficial ownership data in this sector provides an example.

- Create clear reporting requirements, such as specifying clear thresholds for defining company beneficial ownership and mandating regular updates.
 - Consider the following strategies to ensure clarity: adopt a clear definition of beneficial ownership in law, specify how and when beneficial ownership should be disclosed, and ensure all changes to beneficial ownership information are reported.

- Include provisions for maintaining and funding the central register in the law to ensure it remains functional over time. 
- Make information publicly available. Ensure that the legal framework requires that beneficial ownership data is publicly available and free of charge. 
 - Adopt clear regulations on who should have access to which data based on the public interest. Make publicly available a subset of information on company beneficial ownership that is sufficient for users to understand and make use of the data. The fields of information that are made publicly available should be sufficient for users to analyze and use the data, but certain fields (like a home address) may typically be excluded from the public dataset and only made available to certain authorities (such as law enforcement and financial institutions). Open Ownership provides details on how to balance privacy and public interest in this long read.","Create laws and regulations: Draft and implement legislation and regulations that mandate the collection and publication of company beneficial ownership information, particularly through a central register.

- Work with civil society, the private sector, data users, and other key actors to set the parameters of this legislation, especially if taking a phased approach by focusing on a specific industry or companies bidding for public procurement. 
     - Consider including specific definitions for different kinds of beneficial ownership. Beyond company beneficial ownership, multiple legal vehicles (such as trusts) are used to disguise beneficial owners. The OGP Support Unit’s Global Report provides additional details on how to address risks associated with non-company beneficial ownership. 
     - Targeting specific industries is especially relevant for extractive industries such as mining. The Extractive Industries Transparency Initiative (EITI) highlights how company beneficial ownership transparency applies in oil, gas, and mining. EITI also requires member countries to ensure extractive industry companies disclose their beneficial owners in its standard. Indonesia’s efforts to disclose beneficial ownership data in this sector provides an example.

- Create clear reporting requirements, such as specifying clear thresholds for defining company beneficial ownership and mandating regular updates.
     - Consider the following strategies to ensure clarity: adopt a clear definition of beneficial ownership in law, specify how and when beneficial ownership should be disclosed, and ensure all changes to beneficial ownership information are reported.

- Include provisions for maintaining and funding the central register in the law to ensure it remains functional over time. 
- Make information publicly available. Ensure that the legal framework requires that beneficial ownership data is publicly available and free of charge. 
     - Adopt clear regulations on who should have access to which data based on the public interest. Make publicly available a subset of information on company beneficial ownership that is sufficient for users to understand and make use of the data. The fields of information that are made publicly available should be sufficient for users to analyze and use the data, but certain fields (like a home address) may typically be excluded from the public dataset and only made available to certain authorities (such as law enforcement and financial institutions). Open Ownership provides details on how to balance privacy and public interest in this long read. ",Anti-Corruption,1,1,1,0,1,0,0,0,1,,RCID_013; RCID_014; RCID_015; RCID_016; RCID_017; RCID_018; RCID_019; RCID_020; RCID_021,Anti-Corruption
RCID_014,Beneficial Ownership,Collect and publish high-quality data,"Data should be of high quality, including validated identifying information on the company beneficial owners (name and address) and the nature and size of the interest they hold in a company. Successful examples of countries that have published such data include Armenia, Nigeria, Ukraine, and the United Kingdom.","Collect and publish high-quality data: Data should be of high quality, including validated identifying information on the company beneficial owners (name and address) and the nature and size of the interest they hold in a company. Successful examples of countries that have published such data include Armenia, Nigeria, Ukraine, and the United Kingdom. ",Anti-Corruption,1,0,0,0,0,1,0,1,0,,RCID_013; RCID_014; RCID_015; RCID_016; RCID_017; RCID_018; RCID_019; RCID_020; RCID_021,Anti-Corruption
RCID_015,Beneficial Ownership,Make data interoperable,"Use common identifiers across datasets related to beneficial ownership to ensure that data in different databases can be used together, which increases accountability. Interoperable data is crucial to identify corruption (such as money laundering), rights violations (such as harmful labor practices), and other illegal activities (such as polluting the environment).

- Implement an international standard to allow for cross-country comparison, such as the Beneficial Ownership Data Standard (BODS) created by Open Ownership. 
- Make company beneficial ownership data interoperable with other datasets, such as those related to public procurement, political finance, and lobbying.","Make data interoperable: Use common identifiers across datasets related to beneficial ownership to ensure that data in different databases can be used together, which increases accountability. Interoperable data is crucial to identify corruption (such as money laundering), rights violations (such as harmful labor practices), and other illegal activities (such as polluting the environment).

- Implement an international standard to allow for cross-country comparison, such as the Beneficial Ownership Data Standard (BODS) created by Open Ownership. 
- Make company beneficial ownership data interoperable with other datasets, such as those related to public procurement, political finance, and lobbying.",Anti-Corruption,1,0,0,0,0,0,1,1,1,,RCID_013; RCID_014; RCID_015; RCID_016; RCID_017; RCID_018; RCID_019; RCID_020; RCID_021,Anti-Corruption
RCID_016,Beneficial Ownership,Conduct training and awareness raising,"Provide tailored training for different actors, including government officials (such as law enforcement officials, prosecutors, and judges) and members of the public (such as civil society organizations and journalists). This is necessary to create a baseline understanding of what company beneficial ownership data is, why it matters, and how to use it to combat corruption, rights violations, and other issues.","Conduct training and awareness raising: Provide tailored training for different actors, including government officials (such as law enforcement officials, prosecutors, and judges) and members of the public (such as civil society organizations and journalists). This is necessary to create a baseline understanding of what company beneficial ownership data is, why it matters, and how to use it to combat corruption, rights violations, and other issues.",Anti-Corruption,0,1,0,0,0,1,0,1,0,,RCID_013; RCID_014; RCID_015; RCID_016; RCID_017; RCID_018; RCID_019; RCID_020; RCID_021,Anti-Corruption
RCID_017,Beneficial Ownership,Consult with data users,Consult those using the data (especially researchers and journalists) in an advisory capacity to ensure data is useful and usable.,Consult with data users: Consult those using the data (especially researchers and journalists) in an advisory capacity to ensure data is useful and usable.,Anti-Corruption,0,1,0,0,0,1,0,1,1,,RCID_013; RCID_014; RCID_015; RCID_016; RCID_017; RCID_018; RCID_019; RCID_020; RCID_021,Anti-Corruption
RCID_018,Beneficial Ownership,Train government and non-government actors on data use,"Provide training for public officials and non-government actors (such as CSOs, journalists, and researchers) on how to interpret and use company beneficial ownership data to prevent and detect corruption, fraud, and other illegal activities.","Train government and non-government actors on data use: Provide training for public officials and non-government actors (such as CSOs, journalists, and researchers) on how to interpret and use company beneficial ownership data to prevent and detect corruption, fraud, and other illegal activities.",Anti-Corruption,0,1,0,0,0,1,0,1,0,,RCID_013; RCID_014; RCID_015; RCID_016; RCID_017; RCID_018; RCID_019; RCID_020; RCID_021,Anti-Corruption
RCID_019,Beneficial Ownership,Validate and verify data,"Improve data accuracy by validating data at the point of submission, verifying information (including making use of other government data sources), and forwarding suspicious cases for investigation.

- Create avenues for civil society to provide feedback on the accuracy and reliability of the data. This can include applying data analytics to find patterns, identify anomalies and red flags, and create alerts.","Validate and verify data: Improve data accuracy by validating data at the point of submission, verifying information (including making use of other government data sources), and forwarding suspicious cases for investigation.

- Create avenues for civil society to provide feedback on the accuracy and reliability of the data. This can include applying data analytics to find patterns, identify anomalies and red flags, and create alerts.",Anti-Corruption,0,1,1,0,0,1,0,1,0,,RCID_013; RCID_014; RCID_015; RCID_016; RCID_017; RCID_018; RCID_019; RCID_020; RCID_021,Anti-Corruption
RCID_020,Beneficial Ownership,Update data screening requirements,"Require the use of beneficial ownership data in central registers for due diligence reporting.

- Newer requirements related to data screening apply to screening public contract recipients and license applications for extractive industries, as well as vetting whether corporate owners of real estate are following disclosure requirements.
- Anti-money laundering regulations, like “know-your-customer” verification processes for financial and non-financial entities that can enable corruption, are another example. Specifically, the Financial Action Task Force and other experts have begun to argue that regulating enabling activities—such as preparing taxes, selling real estate, managing wealth and investment portfolios, and providing legal services to create shell companies—is more effective than regulating professions.","Update data screening requirements: Require the use of beneficial ownership data in central registers for due diligence reporting.

- Newer requirements related to data screening apply to screening public contract recipients and license applications for extractive industries, as well as vetting whether corporate owners of real estate are following disclosure requirements.
- Anti-money laundering regulations, like “know-your-customer” verification processes for financial and non-financial entities that can enable corruption, are another example. Specifically, the Financial Action Task Force and other experts have begun to argue that regulating enabling activities—such as preparing taxes, selling real estate, managing wealth and investment portfolios, and providing legal services to create shell companies—is more effective than regulating professions.",Anti-Corruption,0,0,1,0,0,1,0,0,1,,RCID_013; RCID_014; RCID_015; RCID_016; RCID_017; RCID_018; RCID_019; RCID_020; RCID_021,Anti-Corruption
RCID_021,Beneficial Ownership,Enforce sanctions for non-compliance,"Establish and enforce sanctions for making false or incomplete data submissions, and empower watchdog organizations and other public agencies (such as procurement offices) to trigger corrections and investigations.","Enforce sanctions for non-compliance: Establish and enforce sanctions for making false or incomplete data submissions, and empower watchdog organizations and other public agencies (such as procurement offices) to trigger corrections and investigations.",Anti-Corruption,0,1,1,0,0,0,1,1,1,,RCID_013; RCID_014; RCID_015; RCID_016; RCID_017; RCID_018; RCID_019; RCID_020; RCID_021,Anti-Corruption
RCID_022,Lobbying,Create a legal framework for lobbying,"Require disclosure and reporting of lobbying information through digital means. Ideally, the law or regulations should take a broad, non-discriminatory, and non-punitive approach to disclosure to incentivize transparency and participation.

- At minimum, publish the agendas of certain categories of high-ranking public officials online, including meetings with external organizations and interest groups, if such disclosures do not already exist. 
- Include as much range as possible in mandating disclosure and reporting. Ideally, the law should go beyond the national legislature—members of the executive branch, provincial and local government officials, and tribunal and judicial officials should also be considered for inclusion. 
- Include de facto lobbyists in disclosure requirements, such as charities, NGOs, think tanks, and religious organizations. Such reforms require safeguards to prevent requirements from being used to curtail civil rights and liberties. 
- Include a specific definition of “indirect lobbying” (such as through social media campaigns) and how it must be disclosed. 
- Require industry associations to disclose their lobbying activities.","Create a legal framework for lobbying: Require disclosure and reporting of lobbying information through digital means. Ideally, the law or regulations should take a broad, non-discriminatory, and non-punitive approach to disclosure to incentivize transparency and participation.

- At minimum, publish the agendas of certain categories of high-ranking public officials online, including meetings with external organizations and interest groups, if such disclosures do not already exist. 
- Include as much range as possible in mandating disclosure and reporting. Ideally, the law should go beyond the national legislature—members of the executive branch, provincial and local government officials, and tribunal and judicial officials should also be considered for inclusion. 
- Include de facto lobbyists in disclosure requirements, such as charities, NGOs, think tanks, and religious organizations. Such reforms require safeguards to prevent requirements from being used to curtail civil rights and liberties. 
- Include a specific definition of “indirect lobbying” (such as through social media campaigns) and how it must be disclosed. 
- Require industry associations to disclose their lobbying activities. ",Anti-Corruption,1,0,0,0,1,0,0,0,1,,RCID_022; RCID_023; RCID_024; RCID_025; RCID_026; RCID_027; RCID_028; RCID_029; RCID_030; RCID_031; RCID_032; RCID_033,Anti-Corruption
RCID_023,Lobbying,Create an oversight body,"Create an independent, mandated, and well-resourced oversight body or coordinated mechanism to manage and investigate lobbying rules.

Suggested management and investigation responsibilities: 
- Manage lobbying registration.
- Review potential conflicts of interest.
- Collect and disseminate the locations of proactively disclosed information.
- Monitor compliance, including proactive verification and spot audits of reports.
- Investigate possible violations and complaints.
- Consult on and define further regulatory provisions.

Suggested outreach responsibilities: 
- Offer guidance and training to lobbyists and public officials on the application of relevant laws.
- Analyze and publish reports on trends.
- Raise awareness among the public and the profession on recent developments.
- Promote best practices of lobbying transparency.","Create an oversight body: Create an independent, mandated, and well-resourced oversight body or coordinated mechanism to manage and investigate lobbying rules.

Suggested management and investigation responsibilities: 
- Manage lobbying registration.
- Review potential conflicts of interest.
- Collect and disseminate the locations of proactively disclosed information.
- Monitor compliance, including proactive verification and spot audits of reports.
- Investigate possible violations and complaints.
- Consult on and define further regulatory provisions.

Suggested outreach responsibilities:  
- Offer guidance and training to lobbyists and public officials on the application of relevant laws.
- Analyze and publish reports on trends.
- Raise awareness among the public and the profession on recent developments.
- Promote best practices of lobbying transparency.",Anti-Corruption,0,1,1,0,1,0,0,0,1,,RCID_022; RCID_023; RCID_024; RCID_025; RCID_026; RCID_027; RCID_028; RCID_029; RCID_030; RCID_031; RCID_032; RCID_033,Anti-Corruption
RCID_024,Lobbying,Require double-entry reporting,"Require filing by both lobbyists and lobbied parties. This allows for verification of filings and an opportunity to identify omissions, which can then be investigated by an oversight body.","Require double-entry reporting: Require filing by both lobbyists and lobbied parties. This allows for verification of filings and an opportunity to identify omissions, which can then be investigated by an oversight body.",Anti-Corruption,1,0,1,0,0,0,1,0,1,,RCID_022; RCID_023; RCID_024; RCID_025; RCID_026; RCID_027; RCID_028; RCID_029; RCID_030; RCID_031; RCID_032; RCID_033,Anti-Corruption
RCID_025,Lobbying,Publish data in a timely manner,"Require the near-immediate filing of meetings. Where there are omissions or errors, the public should have the ability to flag those errors and request correction.","Publish data in a timely manner: Require the near-immediate filing of meetings. Where there are omissions or errors, the public should have the ability to flag those errors and request correction.",Anti-Corruption,1,1,0,0,0,1,0,0,1,,RCID_022; RCID_023; RCID_024; RCID_025; RCID_026; RCID_027; RCID_028; RCID_029; RCID_030; RCID_031; RCID_032; RCID_033,Anti-Corruption
RCID_026,Lobbying,Create and publish a unified lobby register,"Establish and maintain a comprehensive, freely accessible, and unified website containing clear identifying information for all existing lobbyists, reasons for visits, lobbying targets, and other regularly reported data. Most OGP countries do not have clear lobby registers. A few, however, are pioneers in the area and some have used their OGP action plans, specifically France, Ireland, and Madrid (Spain).
The lobbying register should include information on the following: 

- Lobbyist identity,
- Subject matter of lobbying activities and outcomes sought,
- Ultimate beneficiary of lobbying activities (where relevant),
- Targeted institution and/or the public official concerned,
- Type and frequency of lobbying activities,
- Any supporting documentation shared with the public officials,
- Lobbying expenditure, including in-kind (calculated based on set criteria, in cost bands if need be),
- Sources of funding, per client and dossier,
- Any political contributions, including in-kind contributions, and 
- Any prior roles as public officials held by the individual and/or family members, and any public funding received in such roles.","Create and publish a unified lobby register: Establish and maintain a comprehensive, freely accessible, and unified website containing clear identifying information for all existing lobbyists, reasons for visits, lobbying targets, and other regularly reported data. Most OGP countries do not have clear lobby registers. A few, however, are pioneers in the area and some have used their OGP action plans, specifically France, Ireland, and Madrid (Spain).
The lobbying register should include information on the following: 

- Lobbyist identity,
- Subject matter of lobbying activities and outcomes sought,
- Ultimate beneficiary of lobbying activities (where relevant),
- Targeted institution and/or the public official concerned,
- Type and frequency of lobbying activities,
- Any supporting documentation shared with the public officials,
- Lobbying expenditure, including in-kind (calculated based on set criteria, in cost bands if need be),
- Sources of funding, per client and dossier,
- Any political contributions, including in-kind contributions, and 
- Any prior roles as public officials held by the individual and/or family members, and any public funding received in such roles.",Anti-Corruption,1,0,0,0,0,1,0,1,1,,RCID_022; RCID_023; RCID_024; RCID_025; RCID_026; RCID_027; RCID_028; RCID_029; RCID_030; RCID_031; RCID_032; RCID_033,Anti-Corruption
RCID_027,Lobbying,Make data interoperable and reusable,"Ensure that all data includes unique identifiers for the lobbyist, the represented interests, and the purpose of the meeting. This allows for better tracking and comparison with other records, such as government contracts.","Make data interoperable and reusable: Ensure that all data includes unique identifiers for the lobbyist, the represented interests, and the purpose of the meeting. This allows for better tracking and comparison with other records, such as government contracts.",Anti-Corruption,1,0,0,0,0,0,1,1,0,,RCID_022; RCID_023; RCID_024; RCID_025; RCID_026; RCID_027; RCID_028; RCID_029; RCID_030; RCID_031; RCID_032; RCID_033,Anti-Corruption
RCID_028,Lobbying,Publish agendas,Publish legislative and committee agendas to allow any interested party to assess the legislative process.,Publish agendas: Publish legislative and committee agendas to allow any interested party to assess the legislative process.,Anti-Corruption,1,0,0,0,0,0,1,0,1,,RCID_022; RCID_023; RCID_024; RCID_025; RCID_026; RCID_027; RCID_028; RCID_029; RCID_030; RCID_031; RCID_032; RCID_033,Anti-Corruption
RCID_029,Lobbying,Publish regulatory and legislative “footprint” documents,"Collect and publish “footprint” documents for the public to access free of charge. These documents assemble all of the activities of a lobbying organization or interest group across different decision-making processes through use of common identifiers.

- These documents bring together information and data on corporations, lobbying, legislation or regulation, and political finance activity across jurisdictions and levels of government. They are an important tool to increase trust.","Publish regulatory and legislative “footprint” documents: Collect and publish “footprint” documents for the public to access free of charge. These documents assemble all of the activities of a lobbying organization or interest group across different decision-making processes through use of common identifiers.

- These documents bring together information and data on corporations, lobbying, legislation or regulation, and political finance activity across jurisdictions and levels of government. They are an important tool to increase trust. ",Anti-Corruption,1,0,0,0,0,0,1,1,0,,RCID_022; RCID_023; RCID_024; RCID_025; RCID_026; RCID_027; RCID_028; RCID_029; RCID_030; RCID_031; RCID_032; RCID_033,Anti-Corruption
RCID_030,Lobbying,Allow public participation in rule-making,"Allow the public access and opportunities to provide input related to mechanisms ensuring compliance with lobbying laws, as well as the ability to suggest amendments to existing rules.","Allow public participation in rule-making: Allow the public access and opportunities to provide input related to mechanisms ensuring compliance with lobbying laws, as well as the ability to suggest amendments to existing rules.",Anti-Corruption,0,1,0,0,1,0,0,0,1,,RCID_022; RCID_023; RCID_024; RCID_025; RCID_026; RCID_027; RCID_028; RCID_029; RCID_030; RCID_031; RCID_032; RCID_033,Anti-Corruption
RCID_031,Lobbying,Report on equality and diversity of access,Regularly report on who takes part in legislative decision-making and what efforts have been made to reach out to a wider group of constituents and interested parties.,Report on equality and diversity of access: Regularly report on who takes part in legislative decision-making and what efforts have been made to reach out to a wider group of constituents and interested parties.,Anti-Corruption,1,0,0,1,0,1,0,0,1,,RCID_022; RCID_023; RCID_024; RCID_025; RCID_026; RCID_027; RCID_028; RCID_029; RCID_030; RCID_031; RCID_032; RCID_033,Anti-Corruption
RCID_032,Lobbying,Create a complaint mechanism,"Create a well-publicized complaint mechanism that allows anyone to report violations of lobbying ethics openly, confidentially, or anonymously. Involved parties should also be informed of outcomes of the complaint, subject to any privacy limitations.","Create a complaint mechanism: Create a well-publicized complaint mechanism that allows anyone to report violations of lobbying ethics openly, confidentially, or anonymously. Involved parties should also be informed of outcomes of the complaint, subject to any privacy limitations. ",Anti-Corruption,0,0,1,0,0,0,1,0,1,,RCID_022; RCID_023; RCID_024; RCID_025; RCID_026; RCID_027; RCID_028; RCID_029; RCID_030; RCID_031; RCID_032; RCID_033,Anti-Corruption
RCID_033,Lobbying,Create a sanctions framework,"Create a framework in which lobbyists and public officials are subject to effective, proportionate sanctions for violating ethics and lobbying rules.","Create a sanctions framework: Create a framework in which lobbyists and public officials are subject to effective, proportionate sanctions for violating ethics and lobbying rules.",Anti-Corruption,0,0,1,0,0,0,1,0,1,,RCID_022; RCID_023; RCID_024; RCID_025; RCID_026; RCID_027; RCID_028; RCID_029; RCID_030; RCID_031; RCID_032; RCID_033,Anti-Corruption
RCID_034,Open Contracting,Create a legal framework,"Establish or strengthen the legal environment for open procurement with an emphasis on transparency and accountability, preferably in one central piece of legislation or regulation for clarity and consistent application that responds to any confidentiality concerns.

- Establish or strengthen the mandate for a central standard-setting and regulations body. 
- Establish clear authority and responsibilities for open contracting within major agencies.","Create a legal framework: Establish or strengthen the legal environment for open procurement with an emphasis on transparency and accountability, preferably in one central piece of legislation or regulation for clarity and consistent application that responds to any confidentiality concerns.

- Establish or strengthen the mandate for a central standard-setting and regulations body. 
- Establish clear authority and responsibilities for open contracting within major agencies.",Anti-Corruption,1,0,1,0,1,0,0,0,1,,RCID_034; RCID_035; RCID_036; RCID_037; RCID_038; RCID_039; RCID_040; RCID_041; RCID_042; RCID_043; RCID_044; RCID_045; RCID_046,Anti-Corruption
RCID_035,Open Contracting,Open public procurement data,"Publish procurement information online, free of charge, and in a machine-readable format.

- Adhere to the Open Contracting Data Standard (OCDS) so that data can be analyzed and monitored by a wide range of users and compared across time and jurisdiction. Ensure data is updated regularly and openly licensed. 
- Mandate the publication of all stages of the procurement process, including: the contract details and amendments (such as the value of the contract, start and end dates, and a description of the goods or services procured) and data on the actual implementation of the contract (such as the actual services rendered for the money spent). Links to contract documentation should also be provided. 
- Require company beneficial ownership information from companies that bid for all public contracts. This practice is recommended by the Financial Action Task Force and is especially important to uphold during emergencies. 
- Use a common identifier, like an Open Contracting ID prefix, to link the various stages of a single contract.","Open public procurement data: Publish procurement information online, free of charge, and in a machine-readable format.

- Adhere to the Open Contracting Data Standard (OCDS) so that data can be analyzed and monitored by a wide range of users and compared across time and jurisdiction. Ensure data is updated regularly and openly licensed. 
- Mandate the publication of all stages of the procurement process, including: the contract details and amendments (such as the value of the contract, start and end dates, and a description of the goods or services procured) and data on the actual implementation of the contract (such as the actual services rendered for the money spent). Links to contract documentation should also be provided. 
- Require company beneficial ownership information from companies that bid for all public contracts. This practice is recommended by the Financial Action Task Force and is especially important to uphold during emergencies. 
- Use a common identifier, like an Open Contracting ID prefix, to link the various stages of a single contract.",Anti-Corruption,1,0,0,0,0,1,0,1,1,,RCID_034; RCID_035; RCID_036; RCID_037; RCID_038; RCID_039; RCID_040; RCID_041; RCID_042; RCID_043; RCID_044; RCID_045; RCID_046,Anti-Corruption
RCID_036,Open Contracting,Collect and publish disaggregated data on underrepresented groups,"Collect and share data on procurement bids by small and medium enterprises, as well as by women and minority-owned businesses. This is necessary to set the baseline for inclusion policies to address under-representation in procurement—for example, Open Contracting Partnership (OCP) estimates that women-owned businesses hold just one percent of public procurement portfolios.","Collect and publish disaggregated data on underrepresented groups: Collect and share data on procurement bids by small and medium enterprises, as well as by women and minority-owned businesses. This is necessary to set the baseline for inclusion policies to address under-representation in procurement—for example, Open Contracting Partnership (OCP) estimates that women-owned businesses hold just one percent of public procurement portfolios.",Anti-Corruption,1,1,0,1,0,0,1,1,0,,RCID_034; RCID_035; RCID_036; RCID_037; RCID_038; RCID_039; RCID_040; RCID_041; RCID_042; RCID_043; RCID_044; RCID_045; RCID_046,Anti-Corruption
RCID_037,Open Contracting,Make data user-friendly,Create tools and visualizations to make data more accessible and user-friendly.,Make data user-friendly: Create tools and visualizations to make data more accessible and user-friendly. ,Anti-Corruption,1,0,0,0,0,1,0,1,0,,RCID_034; RCID_035; RCID_036; RCID_037; RCID_038; RCID_039; RCID_040; RCID_041; RCID_042; RCID_043; RCID_044; RCID_045; RCID_046,Anti-Corruption
RCID_038,Open Contracting,Make data interoperable,"Make data interoperable with other databases. Combining procurement data with beneficial ownership (such as company beneficial ownership), political finance, asset and interest disclosures, and government spending data is particularly important to deliver stronger policy impact. 

- Use common identifiers to link public procurement data with beneficial ownership data (particularly for legal and actual persons) or corporate registry data. 
- Require validation of common identifiers at the data entry stage.","Make data interoperable: Make data interoperable with other databases. Combining procurement data with beneficial ownership (such as company beneficial ownership), political finance, asset and interest disclosures, and government spending data is particularly important to deliver stronger policy impact. 

- Use common identifiers to link public procurement data with beneficial ownership data (particularly for legal and actual persons) or corporate registry data. 
- Require validation of common identifiers at the data entry stage.",Anti-Corruption,1,0,0,0,0,0,1,1,0,,RCID_034; RCID_035; RCID_036; RCID_037; RCID_038; RCID_039; RCID_040; RCID_041; RCID_042; RCID_043; RCID_044; RCID_045; RCID_046,Anti-Corruption
RCID_039,Open Contracting,Consult the public on legal framework,Prioritize public consultation when creating or amending open contracting legislation and regulations.,Consult the public on legal framework: Prioritize public consultation when creating or amending open contracting legislation and regulations.,Anti-Corruption,0,1,0,0,1,0,0,0,1,,RCID_034; RCID_035; RCID_036; RCID_037; RCID_038; RCID_039; RCID_040; RCID_041; RCID_042; RCID_043; RCID_044; RCID_045; RCID_046,Anti-Corruption
RCID_040,Open Contracting,Consult the public on the usefulness of data and tools,"Consult the public (including the private sector, civil society, and journalists) on data quality, new tools, and processes to understand user needs and ensure inclusive processes.","Consult the public on the usefulness of data and tools: Consult the public (including the private sector, civil society, and journalists) on data quality, new tools, and processes to understand user needs and ensure inclusive processes. ",Anti-Corruption,0,1,0,1,0,1,0,1,1,,RCID_034; RCID_035; RCID_036; RCID_037; RCID_038; RCID_039; RCID_040; RCID_041; RCID_042; RCID_043; RCID_044; RCID_045; RCID_046,Anti-Corruption
RCID_041,Open Contracting,Consult civil society and the private sector on improving inclusion in procurement,Identify targeted policies to better connect women and minority-owned businesses to the procurement market in consultation with women’s business groups and relevant civil society organizations.,Consult civil society and the private sector on improving inclusion in procurement: Identify targeted policies to better connect women and minority-owned businesses to the procurement market in consultation with women’s business groups and relevant civil society organizations. ,Anti-Corruption,0,1,0,1,0,1,0,1,1,,RCID_034; RCID_035; RCID_036; RCID_037; RCID_038; RCID_039; RCID_040; RCID_041; RCID_042; RCID_043; RCID_044; RCID_045; RCID_046,Anti-Corruption
RCID_042,Open Contracting,Raise awareness of procurement opportunities,"Share information on submitting bids and navigating the procurement process directly with women’s business groups and civil society organizations to encourage greater participation of marginalized groups. For example, in Palmira (Colombia), the municipal government worked directly with suppliers to increase the number of bids won by local businesses, including women-owned businesses.","Raise awareness of procurement opportunities: Share information on submitting bids and navigating the procurement process directly with women’s business groups and civil society organizations to encourage greater participation of marginalized groups. For example, in Palmira (Colombia), the municipal government worked directly with suppliers to increase the number of bids won by local businesses, including women-owned businesses. ",Anti-Corruption,0,1,0,1,1,0,0,1,0,,RCID_034; RCID_035; RCID_036; RCID_037; RCID_038; RCID_039; RCID_040; RCID_041; RCID_042; RCID_043; RCID_044; RCID_045; RCID_046,Anti-Corruption
RCID_043,Open Contracting,Train diverse actors on open contracting data,"Encourage public monitoring of public procurement by providing training that will enable a wide range of users (such as businesses, state auditing institutions, civil society, and journalists) to engage with open contracting data. This engagement includes helping identify red flags and integrity risks across the procurement cycle. For example, the public procurement agency in Indonesia and its CSO partner collaborated to train government auditors, other CSOs, and members of the public.","Train diverse actors on open contracting data: Encourage public monitoring of public procurement by providing training that will enable a wide range of users (such as businesses, state auditing institutions, civil society, and journalists) to engage with open contracting data. This engagement includes helping identify red flags and integrity risks across the procurement cycle. For example, the public procurement agency in Indonesia and its CSO partner collaborated to train government auditors, other CSOs, and members of the public. ",Anti-Corruption,0,1,0,0,0,1,0,1,0,,RCID_034; RCID_035; RCID_036; RCID_037; RCID_038; RCID_039; RCID_040; RCID_041; RCID_042; RCID_043; RCID_044; RCID_045; RCID_046,Anti-Corruption
RCID_044,Open Contracting,Provide the mandate for an oversight authority,"Mandate an authority such as a supreme audit institution, an ombudsperson, or an independent inspectorate to oversee contracting data within or outside the central contracting agency. Part of the authority’s mandate should be to communicate regularly with the public and executive oversight bodies in the legislature.","Provide the mandate for an oversight authority: Mandate an authority such as a supreme audit institution, an ombudsperson, or an independent inspectorate to oversee contracting data within or outside the central contracting agency. Part of the authority’s mandate should be to communicate regularly with the public and executive oversight bodies in the legislature.",Anti-Corruption,1,1,1,0,1,0,0,0,1,,RCID_034; RCID_035; RCID_036; RCID_037; RCID_038; RCID_039; RCID_040; RCID_041; RCID_042; RCID_043; RCID_044; RCID_045; RCID_046,Anti-Corruption
RCID_045,Open Contracting,Create a feedback and complaints mechanism,"Create a feedback and complaints mechanism to address issues during the procurement process, which can be accessed by suppliers, civil society, and other stakeholders to flag potential cases of corruption or fraud, especially during the implementation phase.

- Empower the oversight body to acknowledge and act upon complaints and feedback, and to require regular reporting on how well the procurement platform is meeting objectives.","Create a feedback and complaints mechanism: Create a feedback and complaints mechanism to address issues during the procurement process, which can be accessed by suppliers, civil society, and other stakeholders to flag potential cases of corruption or fraud, especially during the implementation phase.

- Empower the oversight body to acknowledge and act upon complaints and feedback, and to require regular reporting on how well the procurement platform is meeting objectives.",Anti-Corruption,0,1,1,0,0,1,0,0,1,,RCID_034; RCID_035; RCID_036; RCID_037; RCID_038; RCID_039; RCID_040; RCID_041; RCID_042; RCID_043; RCID_044; RCID_045; RCID_046,Anti-Corruption
RCID_046,Open Contracting,Conduct public auditing,"Expedite and publish audits of all public expenditures, including spending on emergency procurement.","Conduct public auditing: Expedite and publish audits of all public expenditures, including spending on emergency procurement.",Anti-Corruption,1,0,1,0,0,0,1,1,0,,RCID_034; RCID_035; RCID_036; RCID_037; RCID_038; RCID_039; RCID_040; RCID_041; RCID_042; RCID_043; RCID_044; RCID_045; RCID_046,Anti-Corruption
RCID_047,Free Assembly,Limit restrictions on assemblies,"Ensure legislation and rules limit restrictions that require individuals to seek permits to organize planned assemblies. Specifically, no authorization should be required to hold an assembly, following internationally agreed-upon standards.

- Any restrictions on assemblies should be prescribed clearly by law, narrowly tailored, and necessary. 
- Any notification requirements should aim to assist authorities with facilitating the exercise of assembly rights, and spontaneous gatherings should be permitted.","Limit restrictions on assemblies: Ensure legislation and rules limit restrictions that require individuals to seek permits to organize planned assemblies. Specifically, no authorization should be required to hold an assembly, following internationally agreed-upon standards.

- Any restrictions on assemblies should be prescribed clearly by law, narrowly tailored, and necessary. 
- Any notification requirements should aim to assist authorities with facilitating the exercise of assembly rights, and spontaneous gatherings should be permitted.",Civic Space,0,1,0,0,1,0,0,1,1,,RCID_047; RCID_048; RCID_049; RCID_050; RCID_051; RCID_052; RCID_053; RCID_054; RCID_055; RCID_056; RCID_057; RCID_058; RCID_059; RCID_060,Civic Space
RCID_048,Free Assembly,Establish rules on the management of protests by security forces,"Establish rules to ensure that law enforcement is trained to police assemblies in a manner consistent with relevant human rights standards. Only these trained officers should be used to manage assemblies.

- Introduce measures to prohibit the use of private and parastate security forces to manage protests and assemblies. Such measures should ensure that private security services do not perform policing functions during assemblies in lieu of democratically controlled police forces. 
- The military should not be used to police assemblies. Military personnel may be deployed to manage protests and assemblies only when the following conditions are met: in exceptional circumstances, on a temporary basis, in a support capacity, and after receiving appropriate human rights training.","Establish rules on the management of protests by security forces: Establish rules to ensure that law enforcement is trained to police assemblies in a manner consistent with relevant human rights standards. Only these trained officers should be used to manage assemblies.

- Introduce measures to prohibit the use of private and parastate security forces to manage protests and assemblies. Such measures should ensure that private security services do not perform policing functions during assemblies in lieu of democratically controlled police forces. 
- The military should not be used to police assemblies. Military personnel may be deployed to manage protests and assemblies only when the following conditions are met: in exceptional circumstances, on a temporary basis, in a support capacity, and after receiving appropriate human rights training.",Civic Space,0,1,0,0,0,1,0,0,1,,RCID_047; RCID_048; RCID_049; RCID_050; RCID_051; RCID_052; RCID_053; RCID_054; RCID_055; RCID_056; RCID_057; RCID_058; RCID_059; RCID_060,Civic Space
RCID_049,Free Assembly,Establish rules on the public use of private land,"Introduce rules to clarify and allow for the right of assembly on publicly accessible private land, especially where that land serves as a public gathering place, such as shopping malls.","Establish rules on the public use of private land: Introduce rules to clarify and allow for the right of assembly on publicly accessible private land, especially where that land serves as a public gathering place, such as shopping malls.",Civic Space,0,1,0,0,0,0,1,0,1,,RCID_047; RCID_048; RCID_049; RCID_050; RCID_051; RCID_052; RCID_053; RCID_054; RCID_055; RCID_056; RCID_057; RCID_058; RCID_059; RCID_060,Civic Space
RCID_050,Free Assembly,Establish proportionate legal responses,"Ensure that criminal or administrative liability imposed in connection with organizing and participating in protests is clearly prescribed and proportionate to the underlying conduct. For example, prosecutors should not prosecute organizers for actions made in “good faith” or for participants not involved in violent actions. 

- This would include the proportionate application and use of civil and administrative fines and penalties for violations.
- Criminal liability should never be imposed for the mere act of organizing or participating in a protest.
- Ensure that other vague policy frameworks—such as for public morality or national security—are not misused for prosecuting and limiting assembly.","Establish proportionate legal responses: Ensure that criminal or administrative liability imposed in connection with organizing and participating in protests is clearly prescribed and proportionate to the underlying conduct. For example, prosecutors should not prosecute organizers for actions made in “good faith” or for participants not involved in violent actions. 

- This would include the proportionate application and use of civil and administrative fines and penalties for violations.
- Criminal liability should never be imposed for the mere act of organizing or participating in a protest.
- Ensure that other vague policy frameworks—such as for public morality or national security—are not misused for prosecuting and limiting assembly.",Civic Space,0,1,1,0,1,0,0,1,1,,RCID_047; RCID_048; RCID_049; RCID_050; RCID_051; RCID_052; RCID_053; RCID_054; RCID_055; RCID_056; RCID_057; RCID_058; RCID_059; RCID_060,Civic Space
RCID_051,Free Assembly,Establish and maintain multi-stakeholder oversight commissions,"Establish multi-stakeholder commissions, which can relieve police of the duty to determine the legality of an assembly.","Establish and maintain multi-stakeholder oversight commissions: Establish multi-stakeholder commissions, which can relieve police of the duty to determine the legality of an assembly. ",Civic Space,0,1,1,0,0,0,1,0,1,,RCID_047; RCID_048; RCID_049; RCID_050; RCID_051; RCID_052; RCID_053; RCID_054; RCID_055; RCID_056; RCID_057; RCID_058; RCID_059; RCID_060,Civic Space
RCID_052,Free Assembly,Establish and publish police protocols,"Establish and publish open, clear, and ethical protocols addressing police conduct before, during, and following protests. Require regular and ad hoc reporting to the legislature on these protocols. For example, Nigeria committed to co-create a guide on peaceful protests.","Establish and publish police protocols: Establish and publish open, clear, and ethical protocols addressing police conduct before, during, and following protests. Require regular and ad hoc reporting to the legislature on these protocols. For example, Nigeria committed to co-create a guide on peaceful protests.",Civic Space,1,0,0,0,1,0,0,1,1,,RCID_047; RCID_048; RCID_049; RCID_050; RCID_051; RCID_052; RCID_053; RCID_054; RCID_055; RCID_056; RCID_057; RCID_058; RCID_059; RCID_060,Civic Space
RCID_053,Free Assembly,Train police officers in protocols,Train police officers in proportionate responses and requirements for the use of uniformed police at assemblies.,Train police officers in protocols: Train police officers in proportionate responses and requirements for the use of uniformed police at assemblies.,Civic Space,0,1,0,0,1,0,0,1,0,,RCID_047; RCID_048; RCID_049; RCID_050; RCID_051; RCID_052; RCID_053; RCID_054; RCID_055; RCID_056; RCID_057; RCID_058; RCID_059; RCID_060,Civic Space
RCID_054,Free Assembly,Publish guidance on the use of force,"Make the guidance for use of force and equipment transparent and easily accessible, including post-assembly reporting of police operations. 

- Laws should limit the circumstances in which any use of force can be used, and require the exhaustion of non-violent means before using force, which should be authorized only where absolutely necessary. This includes limiting the use of containment strategies to exceptional cases.","Publish guidance on the use of force: Make the guidance for use of force and equipment transparent and easily accessible, including post-assembly reporting of police operations. 

- Laws should limit the circumstances in which any use of force can be used, and require the exhaustion of non-violent means before using force, which should be authorized only where absolutely necessary. This includes limiting the use of containment strategies to exceptional cases.",Civic Space,1,0,0,0,0,1,0,1,0,,RCID_047; RCID_048; RCID_049; RCID_050; RCID_051; RCID_052; RCID_053; RCID_054; RCID_055; RCID_056; RCID_057; RCID_058; RCID_059; RCID_060,Civic Space
RCID_055,Free Assembly,Publish information on police conduct,Publish information on the conduct of police officers during assemblies and protests following events.,Publish information on police conduct: Publish information on the conduct of police officers during assemblies and protests following events.,Civic Space,1,0,0,0,0,1,0,1,0,,RCID_047; RCID_048; RCID_049; RCID_050; RCID_051; RCID_052; RCID_053; RCID_054; RCID_055; RCID_056; RCID_057; RCID_058; RCID_059; RCID_060,Civic Space
RCID_056,Free Assembly,Create multi-level legal frameworks,"Create stronger legal frameworks that protect the freedom of assembly in a multi-level approach from the local, state, and national or federal levels. Frameworks should provide accountability for violations committed by law enforcement or other officials during protests and assemblies.","Create multi-level legal frameworks: Create stronger legal frameworks that protect the freedom of assembly in a multi-level approach from the local, state, and national or federal levels. Frameworks should provide accountability for violations committed by law enforcement or other officials during protests and assemblies.",Civic Space,0,1,0,0,0,0,1,0,1,,RCID_047; RCID_048; RCID_049; RCID_050; RCID_051; RCID_052; RCID_053; RCID_054; RCID_055; RCID_056; RCID_057; RCID_058; RCID_059; RCID_060,Civic Space
RCID_057,Free Assembly,Create regulations for detentions,"Create regulations on the use of detention, which impacts detentions in the context of assemblies. Any detentions must meet a set of legal “minimum standards,” including due process protections and the requirement of individualized suspicion.","Create regulations for detentions: Create regulations on the use of detention, which impacts detentions in the context of assemblies. Any detentions must meet a set of legal “minimum standards,” including due process protections and the requirement of individualized suspicion.",Civic Space,0,1,0,0,0,1,0,0,1,,RCID_047; RCID_048; RCID_049; RCID_050; RCID_051; RCID_052; RCID_053; RCID_054; RCID_055; RCID_056; RCID_057; RCID_058; RCID_059; RCID_060,Civic Space
RCID_058,Free Assembly,Create legal protections for independent monitors,Adopt legal and practical protections for independent monitors to provide oversight of police and protester actions during assemblies.,Create legal protections for independent monitors: Adopt legal and practical protections for independent monitors to provide oversight of police and protester actions during assemblies.,Civic Space,0,0,1,0,0,1,0,0,1,,RCID_047; RCID_048; RCID_049; RCID_050; RCID_051; RCID_052; RCID_053; RCID_054; RCID_055; RCID_056; RCID_057; RCID_058; RCID_059; RCID_060,Civic Space
RCID_059,Free Assembly,Co-create legislation related to free assembly with civil society,"Strengthen and support more systemic participation of civil society in drafting legislation related to this right, focusing on relationships with a broad coalition of civil society partners working across different issue areas. 

- Diversity and inclusivity are key to developing commitments that respond to the needs of the community and advance civic space priorities, with special attention to women’s groups and the youth in government decision-making processes.","Co-create legislation related to free assembly with civil society: Strengthen and support more systemic participation of civil society in drafting legislation related to this right, focusing on relationships with a broad coalition of civil society partners working across different issue areas. 

- Diversity and inclusivity are key to developing commitments that respond to the needs of the community and advance civic space priorities, with special attention to women’s groups and the youth in government decision-making processes.",Civic Space,0,1,0,1,0,0,1,0,1,,RCID_047; RCID_048; RCID_049; RCID_050; RCID_051; RCID_052; RCID_053; RCID_054; RCID_055; RCID_056; RCID_057; RCID_058; RCID_059; RCID_060,Civic Space
RCID_060,Free Assembly,Protect free access to the internet,"Guarantee unobstructed access to social platforms and the broader web at all times to allow mobilizing, sharing, and creating content. Under no circumstances should the authorities shut down, throttle, or block internet services (in whole or in part). Protecting public safety or public order is insufficient justification for restricting internet services in any way. In practice, such disruptions to internet connectivity tend to undermine the access to information needed to guarantee public safety while also encouraging abuses.","Protect free access to the internet: Guarantee unobstructed access to social platforms and the broader web at all times to allow mobilizing, sharing, and creating content. Under no circumstances should the authorities shut down, throttle, or block internet services (in whole or in part). Protecting public safety or public order is insufficient justification for restricting internet services in any way. In practice, such disruptions to internet connectivity tend to undermine the access to information needed to guarantee public safety while also encouraging abuses.",Civic Space,0,1,0,0,0,0,1,1,0,,RCID_047; RCID_048; RCID_049; RCID_050; RCID_051; RCID_052; RCID_053; RCID_054; RCID_055; RCID_056; RCID_057; RCID_058; RCID_059; RCID_060,Civic Space
RCID_061,Free Association,Remove barriers to CSO registration,"Eliminate requirements for CSOs to secure legal registration in order to operate, and remove any restrictions particularly limiting the exercise of associational rights by certain groups.

- Ensure that rules regarding the formation and registration of CSOs are fair, transparent, and evenly applied to allow minority or unpopular viewpoints to be advanced by CSOs and expressed in advocacy.
- This is particularly important for organizations working on sensitive issues, such as anti-corruption, environment and land, human rights, political reform, and rights and access to services for women, especially with groups most at risk of harassment, including LGBTQIA+ individuals, religious minorities, and indigenous people.","Remove barriers to CSO registration: Eliminate requirements for CSOs to secure legal registration in order to operate, and remove any restrictions particularly limiting the exercise of associational rights by certain groups.

- Ensure that rules regarding the formation and registration of CSOs are fair, transparent, and evenly applied to allow minority or unpopular viewpoints to be advanced by CSOs and expressed in advocacy.
- This is particularly important for organizations working on sensitive issues, such as anti-corruption, environment and land, human rights, political reform, and rights and access to services for women, especially with groups most at risk of harassment, including LGBTQIA+ individuals, religious minorities, and indigenous people.",Civic Space,0,1,0,1,1,0,0,1,1,,RCID_061; RCID_062; RCID_063; RCID_064; RCID_065; RCID_066; RCID_067; RCID_068; RCID_069; RCID_070; RCID_071; RCID_072; RCID_073; RCID_074,Civic Space
RCID_062,Free Association,"Establish and publish objective, transparent criteria for granting legal status to CSOs, including non-profit status","Establish and publish laws and regulations governing the process to grant legal status to CSOs, which should include objective, transparent criteria for the approval of non-profit status. Such laws and regulations should limit the scope of official discretion in adjudicating applications for this status to minimize abuse of the process.","Establish and publish objective, transparent criteria for granting legal status to CSOs, including non-profit status: Establish and publish laws and regulations governing the process to grant legal status to CSOs, which should include objective, transparent criteria for the approval of non-profit status. Such laws and regulations should limit the scope of official discretion in adjudicating applications for this status to minimize abuse of the process. ",Civic Space,1,0,0,0,1,0,0,1,1,,RCID_061; RCID_062; RCID_063; RCID_064; RCID_065; RCID_066; RCID_067; RCID_068; RCID_069; RCID_070; RCID_071; RCID_072; RCID_073; RCID_074,Civic Space
RCID_063,Free Association,Simplify CSO registration,"Ensure CSOs can register through a simple, established process with clear time limits, which is equally accessible throughout the country.

- Reduce the number of registration documents, registration fees, and the number of agencies an organization must interact with to register.
- Clarify rules and minimize restrictions on foreign organizations in line with all domestic rights and regulations.","Simplify CSO registration: Ensure CSOs can register through a simple, established process with clear time limits, which is equally accessible throughout the country.

- Reduce the number of registration documents, registration fees, and the number of agencies an organization must interact with to register.
- Clarify rules and minimize restrictions on foreign organizations in line with all domestic rights and regulations.",Civic Space,0,1,0,0,0,1,0,1,0,,RCID_061; RCID_062; RCID_063; RCID_064; RCID_065; RCID_066; RCID_067; RCID_068; RCID_069; RCID_070; RCID_071; RCID_072; RCID_073; RCID_074,Civic Space
RCID_064,Free Association,Create an appeals process,"Create an appeals process to ensure there is an adequate remedy for appealing denials of legal status to CSOs, including through both administrative and judicial means.","Create an appeals process: Create an appeals process to ensure there is an adequate remedy for appealing denials of legal status to CSOs, including through both administrative and judicial means.",Civic Space,0,0,1,0,0,1,0,0,1,,RCID_061; RCID_062; RCID_063; RCID_064; RCID_065; RCID_066; RCID_067; RCID_068; RCID_069; RCID_070; RCID_071; RCID_072; RCID_073; RCID_074,Civic Space
RCID_065,Free Association,Require minimum internal governance standards for CSOs,"Require minimum internal governance standards for CSOs. Require minimum governance standards for CSOs, which should be addressed in their internal governing documents. The requirements may be different for membership and non-membership organizations. A CSO should have broad discretion to set and change its governance structure within the limits provided by law, through its founders or highest governing body.","Require minimum internal governance standards for CSOs. Require minimum governance standards for CSOs, which should be addressed in their internal governing documents. The requirements may be different for membership and non-membership organizations. A CSO should have broad discretion to set and change its governance structure within the limits provided by law, through its founders or highest governing body.",Civic Space,0,1,0,0,1,0,0,0,1,,RCID_061; RCID_062; RCID_063; RCID_064; RCID_065; RCID_066; RCID_067; RCID_068; RCID_069; RCID_070; RCID_071; RCID_072; RCID_073; RCID_074,Civic Space
RCID_066,Free Association,Establish limitations on interference with the governance and activities of CSOs,"Avoid interfering with the internal governance and management of CSOs, except as required to serve a legitimate purpose under international law. CSOs should generally be free to draft their own rules and regulations, select their own management and representatives, and determine their own objectives and activities, in line with international human rights standards. CSOs should not be subject to more burdensome or restrictive regulations or requirements than other legal entities, such as corporations, private companies, and religious institutions.","Establish limitations on interference with the governance and activities of CSOs: Avoid interfering with the internal governance and management of CSOs, except as required to serve a legitimate purpose under international law. CSOs should generally be free to draft their own rules and regulations, select their own management and representatives, and determine their own objectives and activities, in line with international human rights standards. CSOs should not be subject to more burdensome or restrictive regulations or requirements than other legal entities, such as corporations, private companies, and religious institutions.",Civic Space,0,1,0,0,1,0,0,1,1,,RCID_061; RCID_062; RCID_063; RCID_064; RCID_065; RCID_066; RCID_067; RCID_068; RCID_069; RCID_070; RCID_071; RCID_072; RCID_073; RCID_074,Civic Space
RCID_067,Free Association,Create a non-profit register,"Establish a single registry of all non-profit organizations with legal personhood. For example, North Macedonia committed to creating such a register through OGP. This register should be no more burdensome or restrictive than any other register of legal personalities and entities (such as company beneficial ownership registers or open cadastres).","Create a non-profit register: Establish a single registry of all non-profit organizations with legal personhood. For example, North Macedonia committed to creating such a register through OGP. This register should be no more burdensome or restrictive than any other register of legal personalities and entities (such as company beneficial ownership registers or open cadastres).",Civic Space,1,0,0,0,0,1,0,0,1,,RCID_061; RCID_062; RCID_063; RCID_064; RCID_065; RCID_066; RCID_067; RCID_068; RCID_069; RCID_070; RCID_071; RCID_072; RCID_073; RCID_074,Civic Space
RCID_068,Free Association,Ensure fair application of fraud and abuse rules,"Create and publish narrowly defined guidance to minimize abuse by regulatory authorities. This can reduce the abuse of non-profit organizations by corrupt actors. At the same time, to reduce abuse by regulatory authorities, it is essential to ensure that such rules are applied in a non-discriminatory, legal, and proportionate fashion.","Ensure fair application of fraud and abuse rules: Create and publish narrowly defined guidance to minimize abuse by regulatory authorities. This can reduce the abuse of non-profit organizations by corrupt actors. At the same time, to reduce abuse by regulatory authorities, it is essential to ensure that such rules are applied in a non-discriminatory, legal, and proportionate fashion.",Civic Space,1,1,0,0,0,1,0,0,1,,RCID_061; RCID_062; RCID_063; RCID_064; RCID_065; RCID_066; RCID_067; RCID_068; RCID_069; RCID_070; RCID_071; RCID_072; RCID_073; RCID_074,Civic Space
RCID_069,Free Association,Train public officials,Ensure that public and administration officials are well-trained and sensitized to the varying capacity and formality of CSOs when providing services.,Train public officials: Ensure that public and administration officials are well-trained and sensitized to the varying capacity and formality of CSOs when providing services.,Civic Space,0,1,0,0,0,1,0,1,0,,RCID_061; RCID_062; RCID_063; RCID_064; RCID_065; RCID_066; RCID_067; RCID_068; RCID_069; RCID_070; RCID_071; RCID_072; RCID_073; RCID_074,Civic Space
RCID_070,Free Association,Publish tax benefit rules,"Publish tax benefit rules.

- Such approaches must account for rights to free speech, advocacy, and education, while also maintaining adequate protections for the integrity of elections or legislative and regulatory processes.","Publish tax benefit rules.

- Such approaches must account for rights to free speech, advocacy, and education, while also maintaining adequate protections for the integrity of elections or legislative and regulatory processes.",Civic Space,1,1,0,0,1,0,0,1,0,,RCID_061; RCID_062; RCID_063; RCID_064; RCID_065; RCID_066; RCID_067; RCID_068; RCID_069; RCID_070; RCID_071; RCID_072; RCID_073; RCID_074,Civic Space
RCID_071,Free Association,Promote sustainable funding,"Promote funding opportunities and mechanisms to ensure organizational sustainability, which helps CSOs and other groups plan for the long term. Examples of this are below. 

- Provide tax exemptions to CSOs on most, if not all, categories of income. 
- Provide tax benefits and tax incentives to individuals and businesses that donate to CSOs.
- Provide access to international funding without the need for prior government registration or permission, or the use of state-controlled entities as an intermediary.
- Ensure the availability of core and infrastructure funding, as well as longer-term funding (three years or more), where state funding is essential. As appropriate, establish or strengthen a transparent, rule-based, dedicated state-run fund(s) to support CSO activities and institutional development in priority areas.
Ensure legal ability to carry out independent, public fundraising activities in accordance with the law and to access foreign funding.","Promote sustainable funding: Promote funding opportunities and mechanisms to ensure organizational sustainability, which helps CSOs and other groups plan for the long term. Examples of this are below. 

- Provide tax exemptions to CSOs on most, if not all, categories of income. 
- Provide tax benefits and tax incentives to individuals and businesses that donate to CSOs.
- Provide access to international funding without the need for prior government registration or permission, or the use of state-controlled entities as an intermediary.
- Ensure the availability of core and infrastructure funding, as well as longer-term funding (three years or more), where state funding is essential. As appropriate, establish or strengthen a transparent, rule-based, dedicated state-run fund(s) to support CSO activities and institutional development in priority areas.
Ensure legal ability to carry out independent, public fundraising activities in accordance with the law and to access foreign funding.",Civic Space,0,1,0,0,0,0,1,0,1,,RCID_061; RCID_062; RCID_063; RCID_064; RCID_065; RCID_066; RCID_067; RCID_068; RCID_069; RCID_070; RCID_071; RCID_072; RCID_073; RCID_074,Civic Space
RCID_072,Free Association,Align reporting regulations with international standards,"Ensure that reporting regulations follow international standards, such as those related to privacy and minimal state interference, to limit restrictions on CSOs and other association groups.","Align reporting regulations with international standards: Ensure that reporting regulations follow international standards, such as those related to privacy and minimal state interference, to limit restrictions on CSOs and other association groups. ",Civic Space,0,1,0,0,0,1,0,0,1,,RCID_061; RCID_062; RCID_063; RCID_064; RCID_065; RCID_066; RCID_067; RCID_068; RCID_069; RCID_070; RCID_071; RCID_072; RCID_073; RCID_074,Civic Space
RCID_073,Free Association,Create narrowly tailored and transparent auditing procedures,"Limit government-imposed audit requirements for CSOs to situations where these associations receive public funding. In those circumstances, adopt and implement transparent audit procedures for government auditing agencies to follow, including conditions triggering an audit, advance notice, procedures for random audits, restrictions on the use of audits for personal information or harassment, and reporting on the use of public funds.","Create narrowly tailored and transparent auditing procedures: Limit government-imposed audit requirements for CSOs to situations where these associations receive public funding. In those circumstances, adopt and implement transparent audit procedures for government auditing agencies to follow, including conditions triggering an audit, advance notice, procedures for random audits, restrictions on the use of audits for personal information or harassment, and reporting on the use of public funds.",Civic Space,1,0,1,0,0,1,0,1,0,,RCID_061; RCID_062; RCID_063; RCID_064; RCID_065; RCID_066; RCID_067; RCID_068; RCID_069; RCID_070; RCID_071; RCID_072; RCID_073; RCID_074,Civic Space
RCID_074,Free Association,Standardize reporting data,"Standardize data reporting of public funds provided to CSOs and projects supported by such funds in an open data format, such as through the International Aid Transparency Initiative.","Standardize reporting data: Standardize data reporting of public funds provided to CSOs and projects supported by such funds in an open data format, such as through the International Aid Transparency Initiative.",Civic Space,1,0,0,0,0,1,0,1,0,,RCID_061; RCID_062; RCID_063; RCID_064; RCID_065; RCID_066; RCID_067; RCID_068; RCID_069; RCID_070; RCID_071; RCID_072; RCID_073; RCID_074,Civic Space
RCID_075,Free Expression,Create national-level plans to protect media workers,"Create a National Action Plan on the Safety of Journalists and a National Journalist Safety Mechanism through an inclusive, multi-stakeholder process. This can include safety measures such as a hotline for journalists to report threats to their safety","Create national-level plans to protect media workers: Create a National Action Plan on the Safety of Journalists and a National Journalist Safety Mechanism through an inclusive, multi-stakeholder process. This can include safety measures such as a hotline for journalists to report threats to their safety",Civic Space,0,1,0,0,0,1,0,0,1,,RCID_075; RCID_076; RCID_077; RCID_078; RCID_079; RCID_080; RCID_081; RCID_082; RCID_083; RCID_084; RCID_085; RCID_086; RCID_087; RCID_088; RCID_089,Civic Space
RCID_076,Free Expression,Consult marginalized groups to create protections,Engage organizations representing women and other minorities in crafting solutions to harassment and violence.,Consult marginalized groups to create protections: Engage organizations representing women and other minorities in crafting solutions to harassment and violence.,Civic Space,0,1,0,1,0,1,0,1,1,,RCID_075; RCID_076; RCID_077; RCID_078; RCID_079; RCID_080; RCID_081; RCID_082; RCID_083; RCID_084; RCID_085; RCID_086; RCID_087; RCID_088; RCID_089,Civic Space
RCID_077,Free Expression,Create protections for those under threat of violence,"Create specific safety mechanisms for individuals and groups under threat of violence, especially women, activists, and LGBTQIA+ media actors. This may include enhanced protection and, where necessary, temporary relocation.","Create protections for those under threat of violence: Create specific safety mechanisms for individuals and groups under threat of violence, especially women, activists, and LGBTQIA+ media actors. This may include enhanced protection and, where necessary, temporary relocation.",Civic Space,0,1,0,1,0,0,1,0,1,,RCID_075; RCID_076; RCID_077; RCID_078; RCID_079; RCID_080; RCID_081; RCID_082; RCID_083; RCID_084; RCID_085; RCID_086; RCID_087; RCID_088; RCID_089,Civic Space
RCID_078,Free Expression,Create early-warning and emergency support mechanisms,"Create or strengthen a system to provide rapid early-warning and emergency support to activists, including security, relocation, travel, work, and family assistance. This includes adopting legislation or creating executive orders to address gaps in the legal framework that might prevent an effective, timely response. 

- Creating legal pathways that can quickly provide refuge to activists at risk of persecution, such as emergency visas. The Czech Republic can serve as an example for how to publish emergency visas quickly, especially in collaboration with civil society.","Create early-warning and emergency support mechanisms: Create or strengthen a system to provide rapid early-warning and emergency support to activists, including security, relocation, travel, work, and family assistance. This includes adopting legislation or creating executive orders to address gaps in the legal framework that might prevent an effective, timely response. 

- Creating legal pathways that can quickly provide refuge to activists at risk of persecution, such as emergency visas. The Czech Republic can serve as an example for how to publish emergency visas quickly, especially in collaboration with civil society.",Civic Space,0,1,0,0,0,0,1,0,1,,RCID_075; RCID_076; RCID_077; RCID_078; RCID_079; RCID_080; RCID_081; RCID_082; RCID_083; RCID_084; RCID_085; RCID_086; RCID_087; RCID_088; RCID_089,Civic Space
RCID_079,Free Expression,Strengthen content and defamation laws to support free expression,"Assess and revise rules and laws on content and defamation (such as libel laws) in consultation with media and civil society.

- Remove criminal defamation from the code, consistent with international consensus. 
- Ensure that any limits to freedom of expression to pursue legitimate aims are legal and proportionate, such as countering online harassment and hate speech.","Strengthen content and defamation laws to support free expression: Assess and revise rules and laws on content and defamation (such as libel laws) in consultation with media and civil society.

- Remove criminal defamation from the code, consistent with international consensus. 
- Ensure that any limits to freedom of expression to pursue legitimate aims are legal and proportionate, such as countering online harassment and hate speech.",Civic Space,0,1,0,0,1,0,0,0,1,,RCID_075; RCID_076; RCID_077; RCID_078; RCID_079; RCID_080; RCID_081; RCID_082; RCID_083; RCID_084; RCID_085; RCID_086; RCID_087; RCID_088; RCID_089,Civic Space
RCID_080,Free Expression,Create protections against retaliatory lawsuits,"Create or strengthen legislation to prevent strategic lawsuits against public participation (SLAPPs), which are used to silence journalists and human rights defenders. Examples of anti-SLAPP measures are as follows. XXCivic Participation/XX XXLegislature/XX XXIntermediate/XX

- Allow for the early dismissal of abusive lawsuits in court. 
- Establish penalties for those who file abusive lawsuits, including fines.
- Enable the recovery of legal costs incurred by defendants who face abusive lawsuits.","Create protections against retaliatory lawsuits: Create or strengthen legislation to prevent strategic lawsuits against public participation (SLAPPs), which are used to silence journalists and human rights defenders. Examples of anti-SLAPP measures are as follows. XXCivic Participation/XX XXLegislature/XX XXIntermediate/XX

- Allow for the early dismissal of abusive lawsuits in court. 
- Establish penalties for those who file abusive lawsuits, including fines.
- Enable the recovery of legal costs incurred by defendants who face abusive lawsuits.",Civic Space,0,1,0,0,0,1,0,0,1,,RCID_075; RCID_076; RCID_077; RCID_078; RCID_079; RCID_080; RCID_081; RCID_082; RCID_083; RCID_084; RCID_085; RCID_086; RCID_087; RCID_088; RCID_089,Civic Space
RCID_081,Free Expression,Co-create laws on media ownership,"Involve civil society and media outlets in the development of laws around media ownership to encourage media pluralism while ensuring legality, minimal interference, and proportionality in response. This may include negotiating rules on the independence of state-funded media, political party ownership of media, media ownership transparency, and transparency of state advertising in media outlets.","Co-create laws on media ownership: Involve civil society and media outlets in the development of laws around media ownership to encourage media pluralism while ensuring legality, minimal interference, and proportionality in response. This may include negotiating rules on the independence of state-funded media, political party ownership of media, media ownership transparency, and transparency of state advertising in media outlets.",Civic Space,0,1,0,0,0,0,1,0,1,,RCID_075; RCID_076; RCID_077; RCID_078; RCID_079; RCID_080; RCID_081; RCID_082; RCID_083; RCID_084; RCID_085; RCID_086; RCID_087; RCID_088; RCID_089,Civic Space
RCID_082,Free Expression,Train public officials,"Establish training programs on respecting and protecting expression for public officials, including judicial officers and prosecutors. All public officials in state authorities responsible for interacting with journalists should participate.

- Include training on the rights of journalists and other media workers to cover protests and other assemblies, especially for security forces.","Train public officials: Establish training programs on respecting and protecting expression for public officials, including judicial officers and prosecutors. All public officials in state authorities responsible for interacting with journalists should participate.

- Include training on the rights of journalists and other media workers to cover protests and other assemblies, especially for security forces.",Civic Space,0,1,0,0,0,1,0,1,0,,RCID_075; RCID_076; RCID_077; RCID_078; RCID_079; RCID_080; RCID_081; RCID_082; RCID_083; RCID_084; RCID_085; RCID_086; RCID_087; RCID_088; RCID_089,Civic Space
RCID_083,Free Expression,Provide safety training for CSOs and media workers,"Establish training programs on physical, digital, and psychological safety for CSOs and media workers. 

- Create tailored training programs for vulnerable groups who work in CSOs or in media, such as women and LGBTQIA+ individuals.","Provide safety training for CSOs and media workers: Establish training programs on physical, digital, and psychological safety for CSOs and media workers. 

- Create tailored training programs for vulnerable groups who work in CSOs or in media, such as women and LGBTQIA+ individuals.",Civic Space,0,1,0,1,0,1,0,1,0,,RCID_075; RCID_076; RCID_077; RCID_078; RCID_079; RCID_080; RCID_081; RCID_082; RCID_083; RCID_084; RCID_085; RCID_086; RCID_087; RCID_088; RCID_089,Civic Space
RCID_084,Free Expression,Provide legal counsel and rights training for CSOs and media workers,"Ensure CSOs and media workers know their rights and obligations under the law, and facilitate access to counsel, including sound legal and accounting advice.

- Educate and engage broader civil society about their obligations to publicly defend activists and journalists, including online.","Provide legal counsel and rights training for CSOs and media workers: Ensure CSOs and media workers know their rights and obligations under the law, and facilitate access to counsel, including sound legal and accounting advice.

- Educate and engage broader civil society about their obligations to publicly defend activists and journalists, including online.",Civic Space,0,1,0,0,0,0,1,1,0,,RCID_075; RCID_076; RCID_077; RCID_078; RCID_079; RCID_080; RCID_081; RCID_082; RCID_083; RCID_084; RCID_085; RCID_086; RCID_087; RCID_088; RCID_089,Civic Space
RCID_085,Free Expression,Allocate public funding,"Explore options for financial support to the media, such as establishing a national fund for public interest media. This should include safeguards to ensure that political interest cannot influence funding allocations.","Allocate public funding: Explore options for financial support to the media, such as establishing a national fund for public interest media. This should include safeguards to ensure that political interest cannot influence funding allocations.",Civic Space,0,1,0,0,0,1,0,0,1,,RCID_075; RCID_076; RCID_077; RCID_078; RCID_079; RCID_080; RCID_081; RCID_082; RCID_083; RCID_084; RCID_085; RCID_086; RCID_087; RCID_088; RCID_089,Civic Space
RCID_086,Free Expression,Mandate the collection and publication of data on violence,"Mandate an agency to collect, publish, and communicate official open data on killings, harassment, and other forms of violence against media workers and human rights defenders. This reporting should also be submitted to public oversight by the legislature with adequate privacy protections, especially where threats include sexual assault. 

- Data should be disaggregated along lines of socio-economic status, sex, gender, and other identifying markers to better understand how threats may disproportionately affect certain groups.","Mandate the collection and publication of data on violence: Mandate an agency to collect, publish, and communicate official open data on killings, harassment, and other forms of violence against media workers and human rights defenders. This reporting should also be submitted to public oversight by the legislature with adequate privacy protections, especially where threats include sexual assault. 

- Data should be disaggregated along lines of socio-economic status, sex, gender, and other identifying markers to better understand how threats may disproportionately affect certain groups.",Civic Space,1,0,0,1,0,0,1,0,1,,RCID_075; RCID_076; RCID_077; RCID_078; RCID_079; RCID_080; RCID_081; RCID_082; RCID_083; RCID_084; RCID_085; RCID_086; RCID_087; RCID_088; RCID_089,Civic Space
RCID_087,Free Expression,Update criminal statutes,Remove any statutes of limitations to investigate crimes against the freedom of expression and establish targeted sanctions for crimes against media workers and human rights defenders.,Update criminal statutes: Remove any statutes of limitations to investigate crimes against the freedom of expression and establish targeted sanctions for crimes against media workers and human rights defenders.,Civic Space,0,0,1,0,1,0,0,0,1,,RCID_075; RCID_076; RCID_077; RCID_078; RCID_079; RCID_080; RCID_081; RCID_082; RCID_083; RCID_084; RCID_085; RCID_086; RCID_087; RCID_088; RCID_089,Civic Space
RCID_088,Free Expression,Investigate and prosecute cases of violence and harassment,Investigate and prosecute violence and harassment against media workers and other civil society actors to ensure access to justice and end impunity.,Investigate and prosecute cases of violence and harassment: Investigate and prosecute violence and harassment against media workers and other civil society actors to ensure access to justice and end impunity.,Civic Space,0,0,1,0,0,1,0,0,0,,RCID_075; RCID_076; RCID_077; RCID_078; RCID_079; RCID_080; RCID_081; RCID_082; RCID_083; RCID_084; RCID_085; RCID_086; RCID_087; RCID_088; RCID_089,Civic Space
RCID_089,Free Expression,Create a mechanism to compensate victims,Establish a mechanism to provide adequate levels of compensation for victims of crimes against activists and media workers.,Create a mechanism to compensate victims: Establish a mechanism to provide adequate levels of compensation for victims of crimes against activists and media workers.,Civic Space,1,0,1,0,0,0,1,0,1,,RCID_075; RCID_076; RCID_077; RCID_078; RCID_079; RCID_080; RCID_081; RCID_082; RCID_083; RCID_084; RCID_085; RCID_086; RCID_087; RCID_088; RCID_089,Civic Space
RCID_090,ADM/AI,Create a legal framework for data protection,"Establish basic framework laws on data protection, including the establishment or enhancement of a DPA.","Create a legal framework for data protection: Establish basic framework laws on data protection, including the establishment or enhancement of a DPA.",Digital Governance,1,0,1,0,1,0,0,0,1,,RCID_090; RCID_091; RCID_092; RCID_093; RCID_094; RCID_095; RCID_096; RCID_097; RCID_098; RCID_099; RCID_100; RCID_101; RCID_102; RCID_103; RCID_104; RCID_105; RCID_106,Digital Governance
RCID_091,ADM/AI,Establish agency-level guidance,"Establish basic guidance and shared terminology on technology design and adoption for agencies to follow in terms of procurement to ensure that community needs are met, including fairness, transparency, privacy, and human rights. Such standards should be publicly available, reported on, and developed in consultation with community input.","Establish agency-level guidance: Establish basic guidance and shared terminology on technology design and adoption for agencies to follow in terms of procurement to ensure that community needs are met, including fairness, transparency, privacy, and human rights. Such standards should be publicly available, reported on, and developed in consultation with community input. ",Digital Governance,1,1,1,0,1,0,0,1,0,,RCID_090; RCID_091; RCID_092; RCID_093; RCID_094; RCID_095; RCID_096; RCID_097; RCID_098; RCID_099; RCID_100; RCID_101; RCID_102; RCID_103; RCID_104; RCID_105; RCID_106,Digital Governance
RCID_092,ADM/AI,Create a public interface for DPAs and other regulators,"Ensure that the DPA and any other relevant regulators are capable of receiving, investigating, and prosecuting (or referring) cases of harm. This may also include expansion of subpoena and inspection powers by the DPA.","Create a public interface for DPAs and other regulators: Ensure that the DPA and any other relevant regulators are capable of receiving, investigating, and prosecuting (or referring) cases of harm. This may also include expansion of subpoena and inspection powers by the DPA.",Digital Governance,1,1,1,0,1,0,0,0,1,,RCID_090; RCID_091; RCID_092; RCID_093; RCID_094; RCID_095; RCID_096; RCID_097; RCID_098; RCID_099; RCID_100; RCID_101; RCID_102; RCID_103; RCID_104; RCID_105; RCID_106,Digital Governance
RCID_093,ADM/AI,Report regularly on high-risk activities,"Authorize the DPA to identify major high-risk activities inside and outside of government and to make referrals to other agencies for regulatory or other action. 

- This includes submitting regular reports to the legislature on data protection and other topics under the DPA’s mandate.","Report regularly on high-risk activities: Authorize the DPA to identify major high-risk activities inside and outside of government and to make referrals to other agencies for regulatory or other action. 

- This includes submitting regular reports to the legislature on data protection and other topics under the DPA’s mandate.",Digital Governance,1,0,0,0,1,0,0,0,1,,RCID_090; RCID_091; RCID_092; RCID_093; RCID_094; RCID_095; RCID_096; RCID_097; RCID_098; RCID_099; RCID_100; RCID_101; RCID_102; RCID_103; RCID_104; RCID_105; RCID_106,Digital Governance
RCID_094,ADM/AI,Mandate the use of impact assessments,"Authorize the DPA to mandate the use of impact assessments for agencies under its purview. This can identify potential bias or discrimination in an ADM system before it is put into use, and can include mechanisms for the public to give input on and access such assessments. Canada’s Directive on Automated Decision-Making provides an example of what this looks like in practice.","Mandate the use of impact assessments: Authorize the DPA to mandate the use of impact assessments for agencies under its purview. This can identify potential bias or discrimination in an ADM system before it is put into use, and can include mechanisms for the public to give input on and access such assessments. Canada’s Directive on Automated Decision-Making provides an example of what this looks like in practice. ",Digital Governance,1,1,0,0,0,1,0,0,1,,RCID_090; RCID_091; RCID_092; RCID_093; RCID_094; RCID_095; RCID_096; RCID_097; RCID_098; RCID_099; RCID_100; RCID_101; RCID_102; RCID_103; RCID_104; RCID_105; RCID_106,Digital Governance
RCID_095,ADM/AI,Establish guidelines to purchase AI systems,"Establish and publish basic guidelines for government procurement of AI systems, such as assessing risks and creating accountability mechanisms before purchase.

- Such guidelines can include requirements for the formation of a multi-stakeholder oversight group to advise and report on AI procurement.","Establish guidelines to purchase AI systems: Establish and publish basic guidelines for government procurement of AI systems, such as assessing risks and creating accountability mechanisms before purchase.

- Such guidelines can include requirements for the formation of a multi-stakeholder oversight group to advise and report on AI procurement. ",Digital Governance,1,0,0,0,0,1,0,1,0,,RCID_090; RCID_091; RCID_092; RCID_093; RCID_094; RCID_095; RCID_096; RCID_097; RCID_098; RCID_099; RCID_100; RCID_101; RCID_102; RCID_103; RCID_104; RCID_105; RCID_106,Digital Governance
RCID_096,ADM/AI,Train public officials on ADM,"Provide training for public officials on how ADM systems work, including the general capacity building needed to understand the basics of ADM technology as well as knowledge of the specific systems used in a given agency.","Train public officials on ADM: Provide training for public officials on how ADM systems work, including the general capacity building needed to understand the basics of ADM technology as well as knowledge of the specific systems used in a given agency.",Digital Governance,0,1,0,0,0,1,0,1,0,,RCID_090; RCID_091; RCID_092; RCID_093; RCID_094; RCID_095; RCID_096; RCID_097; RCID_098; RCID_099; RCID_100; RCID_101; RCID_102; RCID_103; RCID_104; RCID_105; RCID_106,Digital Governance
RCID_097,ADM/AI,Require notifications of data breaches.,Require notifications of data breaches.,Require notifications of data breaches.,Digital Governance,1,0,0,0,1,0,0,1,0,,RCID_090; RCID_091; RCID_092; RCID_093; RCID_094; RCID_095; RCID_096; RCID_097; RCID_098; RCID_099; RCID_100; RCID_101; RCID_102; RCID_103; RCID_104; RCID_105; RCID_106,Digital Governance
RCID_098,ADM/AI,Require notifications for the use of ADM,"Require notifications to those who are affected by decisions made by an ADM system. This should include mechanisms for the public to challenge automated decisions or to request exclusion from ADM systems, such as in the Republic of Korea.","Require notifications for the use of ADM: Require notifications to those who are affected by decisions made by an ADM system. This should include mechanisms for the public to challenge automated decisions or to request exclusion from ADM systems, such as in the Republic of Korea.",Digital Governance,1,0,0,0,1,0,0,1,0,,RCID_090; RCID_091; RCID_092; RCID_093; RCID_094; RCID_095; RCID_096; RCID_097; RCID_098; RCID_099; RCID_100; RCID_101; RCID_102; RCID_103; RCID_104; RCID_105; RCID_106,Digital Governance
RCID_099,ADM/AI,Require notice and consent for processing,"Require disclosure and consent to data processing activities when using online tools, including data collection, storage, use, and modification.","Require notice and consent for processing: Require disclosure and consent to data processing activities when using online tools, including data collection, storage, use, and modification. ",Digital Governance,1,0,0,0,1,0,0,1,0,,RCID_090; RCID_091; RCID_092; RCID_093; RCID_094; RCID_095; RCID_096; RCID_097; RCID_098; RCID_099; RCID_100; RCID_101; RCID_102; RCID_103; RCID_104; RCID_105; RCID_106,Digital Governance
RCID_100,ADM/AI,Create an algorithm register,"Establish or enhance a data processing register. Such registers may focus on government (and contractor) processing or cover non-governmental activities. A register may support the proactive publication of algorithmic impact assessments. 

- Algorithmic transparency may include data on many elements of an ADM system beyond the source code, including the system’s existence, purpose, governing rules and structure, real-world impacts, training data, inputs, and outputs.","Create an algorithm register: Establish or enhance a data processing register. Such registers may focus on government (and contractor) processing or cover non-governmental activities. A register may support the proactive publication of algorithmic impact assessments. 

- Algorithmic transparency may include data on many elements of an ADM system beyond the source code, including the system’s existence, purpose, governing rules and structure, real-world impacts, training data, inputs, and outputs.",Digital Governance,1,0,0,0,0,1,0,0,1,,RCID_090; RCID_091; RCID_092; RCID_093; RCID_094; RCID_095; RCID_096; RCID_097; RCID_098; RCID_099; RCID_100; RCID_101; RCID_102; RCID_103; RCID_104; RCID_105; RCID_106,Digital Governance
RCID_101,ADM/AI,Require data processing reports,"Require all ADM systems to disclose information that establishes and regularly renews a clear legal and ethical basis for how they collect, store, share, use, and modify data. This might include establishing individual consent or establishing social license through participatory processes.","Require data processing reports: Require all ADM systems to disclose information that establishes and regularly renews a clear legal and ethical basis for how they collect, store, share, use, and modify data. This might include establishing individual consent or establishing social license through participatory processes.",Digital Governance,1,0,0,0,0,1,0,1,0,,RCID_090; RCID_091; RCID_092; RCID_093; RCID_094; RCID_095; RCID_096; RCID_097; RCID_098; RCID_099; RCID_100; RCID_101; RCID_102; RCID_103; RCID_104; RCID_105; RCID_106,Digital Governance
RCID_102,ADM/AI,Standardize impact reporting,Adopt or enhance procedures to standardize privacy and human rights impact assessments. Ensure that the public can scrutinize and give inputs on such reports and raise flags about irregularities.,Standardize impact reporting: Adopt or enhance procedures to standardize privacy and human rights impact assessments. Ensure that the public can scrutinize and give inputs on such reports and raise flags about irregularities.,Digital Governance,1,1,0,0,0,0,1,0,1,,RCID_090; RCID_091; RCID_092; RCID_093; RCID_094; RCID_095; RCID_096; RCID_097; RCID_098; RCID_099; RCID_100; RCID_101; RCID_102; RCID_103; RCID_104; RCID_105; RCID_106,Digital Governance
RCID_103,ADM/AI,Conduct consultations with the public,"Conduct consultations where relevant members of the public can inform the design and pilot stages of technology that affects them (such as algorithms used in ADM systems). Examples of this include deliberative models of participation at national and local levels.

- Ensure that such consultations include targeted outreach to vulnerable communities, who tend to experience negative impacts from data collection and technology use.","Conduct consultations with the public: Conduct consultations where relevant members of the public can inform the design and pilot stages of technology that affects them (such as algorithms used in ADM systems). Examples of this include deliberative models of participation at national and local levels.

- Ensure that such consultations include targeted outreach to vulnerable communities, who tend to experience negative impacts from data collection and technology use.",Digital Governance,0,1,0,1,0,1,0,1,1,,RCID_090; RCID_091; RCID_092; RCID_093; RCID_094; RCID_095; RCID_096; RCID_097; RCID_098; RCID_099; RCID_100; RCID_101; RCID_102; RCID_103; RCID_104; RCID_105; RCID_106,Digital Governance
RCID_104,ADM/AI,Create public complaint mechanisms,"Create public complaint mechanisms (including judicial, quasi-judicial, and ombudsperson structures) to report violations of the law. This is necessary to ensure the public has a means to communicate whether and how the social acceptance of a company’s or industry’s practices have changed, which can be used to identify gaps in current legal frameworks.","Create public complaint mechanisms: Create public complaint mechanisms (including judicial, quasi-judicial, and ombudsperson structures) to report violations of the law. This is necessary to ensure the public has a means to communicate whether and how the social acceptance of a company’s or industry’s practices have changed, which can be used to identify gaps in current legal frameworks.",Digital Governance,0,0,1,0,0,1,0,0,1,,RCID_090; RCID_091; RCID_092; RCID_093; RCID_094; RCID_095; RCID_096; RCID_097; RCID_098; RCID_099; RCID_100; RCID_101; RCID_102; RCID_103; RCID_104; RCID_105; RCID_106,Digital Governance
RCID_105,ADM/AI,Conduct regular audits,Conduct regular audits of ADM systems through independent oversight bodies and civic monitors (such as a social audit).,Conduct regular audits: Conduct regular audits of ADM systems through independent oversight bodies and civic monitors (such as a social audit).,Digital Governance,0,0,1,0,0,1,0,1,1,,RCID_090; RCID_091; RCID_092; RCID_093; RCID_094; RCID_095; RCID_096; RCID_097; RCID_098; RCID_099; RCID_100; RCID_101; RCID_102; RCID_103; RCID_104; RCID_105; RCID_106,Digital Governance
RCID_106,ADM/AI,Publish enforcement and compliance history,"Make enforcement and compliance history available online, which can be used to support future enforcement actions.","Publish enforcement and compliance history: Make enforcement and compliance history available online, which can be used to support future enforcement actions. ",Digital Governance,1,0,1,0,0,0,1,1,0,,RCID_090; RCID_091; RCID_092; RCID_093; RCID_094; RCID_095; RCID_096; RCID_097; RCID_098; RCID_099; RCID_100; RCID_101; RCID_102; RCID_103; RCID_104; RCID_105; RCID_106,Digital Governance
RCID_107,Open Budgets,Make more of the proposed budget transparent,"Make more of the proposed budget transparent to include the following (in order of difficulty):

- Estimated expenditures, revenue, and debt for the upcoming year
- Historical data on recent years and projections for the future
- Macroeconomic estimates, non-financial data on performance, and explanations on the link between proposed policies and budget estimates
- Extra-budgetary funds, future liabilities, and tax expenditures","Make more of the proposed budget transparent: Make more of the proposed budget transparent to include the following (in order of difficulty):

- Estimated expenditures, revenue, and debt for the upcoming year
- Historical data on recent years and projections for the future
- Macroeconomic estimates, non-financial data on performance, and explanations on the link between proposed policies and budget estimates
- Extra-budgetary funds, future liabilities, and tax expenditures",Fiscal Openness,1,0,0,0,1,0,0,1,0,,RCID_107; RCID_108; RCID_109; RCID_110; RCID_111; RCID_112; RCID_113; RCID_114; RCID_115; RCID_116; RCID_117; RCID_118; RCID_119,Fiscal Openness
RCID_108,Open Budgets,Increase the level of detail in budget reporting,"Increase the level of detail in budget reporting for mid-year and year-end reports. Mid-year reports should contain updated estimates on expenditures, revenue, and macroeconomic indicators. Year-end reports should contain information on debt, macroeconomic estimates, and non-financial performance.","Increase the level of detail in budget reporting: Increase the level of detail in budget reporting for mid-year and year-end reports. Mid-year reports should contain updated estimates on expenditures, revenue, and macroeconomic indicators. Year-end reports should contain information on debt, macroeconomic estimates, and non-financial performance.",Fiscal Openness,1,0,0,0,0,1,0,1,0,,RCID_107; RCID_108; RCID_109; RCID_110; RCID_111; RCID_112; RCID_113; RCID_114; RCID_115; RCID_116; RCID_117; RCID_118; RCID_119,Fiscal Openness
RCID_109,Open Budgets,Assign a permanent team to create budget documents,"Assign roles and responsibilities to permanent staff to manage the process to create, publish, and promote public use of budget documents each year, ensuring that the recommended elements above are included.","Assign a permanent team to create budget documents: Assign roles and responsibilities to permanent staff to manage the process to create, publish, and promote public use of budget documents each year, ensuring that the recommended elements above are included.",Fiscal Openness,1,0,0,0,0,1,0,1,0,,RCID_107; RCID_108; RCID_109; RCID_110; RCID_111; RCID_112; RCID_113; RCID_114; RCID_115; RCID_116; RCID_117; RCID_118; RCID_119,Fiscal Openness
RCID_110,Open Budgets,Publish key budget documents,"Ensure that the eight key documents are published in an ongoing, timely manner each year for each part of the budget cycle. Consistent presentation aligned with international standards across the planning, approval, and implementation documents allows data generators and users to track spending and revenue collection. These documents are as follows, adapted from guidance from the International Budget Partnership (IBP).

[Includes description of data required to be published in each document - too long for this doc!]","Publish key budget documents: Ensure that the eight key documents are published in an ongoing, timely manner each year for each part of the budget cycle. Consistent presentation aligned with international standards across the planning, approval, and implementation documents allows data generators and users to track spending and revenue collection. These documents are as follows, adapted from guidance from the International Budget Partnership (IBP).

[Includes description of data required to be published in each document - too long for this doc!] ",Fiscal Openness,1,0,0,0,1,0,0,1,1,,RCID_107; RCID_108; RCID_109; RCID_110; RCID_111; RCID_112; RCID_113; RCID_114; RCID_115; RCID_116; RCID_117; RCID_118; RCID_119,Fiscal Openness
RCID_111,Open Budgets,Publish data on budget performance and oversight,Publish data on budget performance (such as comparing budget projections to actual revenue and tax expenditures) and the functioning of the budget oversight mechanism(s) in line with international standards.,Publish data on budget performance and oversight: Publish data on budget performance (such as comparing budget projections to actual revenue and tax expenditures) and the functioning of the budget oversight mechanism(s) in line with international standards.,Fiscal Openness,1,0,0,0,1,0,0,1,1,,RCID_107; RCID_108; RCID_109; RCID_110; RCID_111; RCID_112; RCID_113; RCID_114; RCID_115; RCID_116; RCID_117; RCID_118; RCID_119,Fiscal Openness
RCID_112,Open Budgets,Provide explanations of budget items,"Ensure the readability of budget documents beyond the Citizens Budget, such as providing narrative explanations for the public to better understand the content and context of such documents. For details, IBP published a framework for providing and assessing explanations.","Provide explanations of budget items: Ensure the readability of budget documents beyond the Citizens Budget, such as providing narrative explanations for the public to better understand the content and context of such documents. For details, IBP published a framework for providing and assessing explanations.",Fiscal Openness,1,0,0,1,0,1,0,1,0,,RCID_107; RCID_108; RCID_109; RCID_110; RCID_111; RCID_112; RCID_113; RCID_114; RCID_115; RCID_116; RCID_117; RCID_118; RCID_119,Fiscal Openness
RCID_113,Open Budgets,Provide disaggregated data in budget documents,"Where relevant, provide disaggregated data in all documents to show the impact of the budget on different demographic groups. For example, including alternative displays of expenditure by different categories (such as gender or age) can illustrate discrepancies in funding.","Provide disaggregated data in budget documents: Where relevant, provide disaggregated data in all documents to show the impact of the budget on different demographic groups. For example, including alternative displays of expenditure by different categories (such as gender or age) can illustrate discrepancies in funding.",Fiscal Openness,1,0,0,1,0,1,0,1,0,,RCID_107; RCID_108; RCID_109; RCID_110; RCID_111; RCID_112; RCID_113; RCID_114; RCID_115; RCID_116; RCID_117; RCID_118; RCID_119,Fiscal Openness
RCID_114,Open Budgets,Make planning data interoperable with spending data,"Link relevant planning and spending data (including public procurement transactions) to ensure the identification of gaps in spending, including spending through extrabudgetary funds. The Global Initiative for Fiscal Transparency (GIFT) Open Fiscal Data Package provides guidance on publishing this data.","Make planning data interoperable with spending data: Link relevant planning and spending data (including public procurement transactions) to ensure the identification of gaps in spending, including spending through extrabudgetary funds. The Global Initiative for Fiscal Transparency (GIFT) Open Fiscal Data Package provides guidance on publishing this data. ",Fiscal Openness,1,0,1,0,0,0,1,1,0,,RCID_107; RCID_108; RCID_109; RCID_110; RCID_111; RCID_112; RCID_113; RCID_114; RCID_115; RCID_116; RCID_117; RCID_118; RCID_119,Fiscal Openness
RCID_115,Open Budgets,Support public participation in the budget cycle,"Increase public participation, including of vulnerable and marginalized groups, throughout the budget cycle, which covers planning, execution, and oversight. This means enabling engagement between the public and the executive (such as national and subnational governments, line/sector ministries, and departments and agencies), the legislature, and (sub)national audit offices. For example, the Citizen Participatory Audit process in the Philippines evaluates the effectiveness of government spending on public services across different thematic areas and feeds the results into future policy-making.

- Provide training for the public (particularly vulnerable or underrepresented groups) and groups such as civil society organizations (CSOs) and journalists to cultivate the technical expertise necessary for effective participation. 
- Engage a broadly representative section of the public on key topics in a timely, open, and accessible manner. 
 - In budget formulation, relevant topics for consultation include macroeconomic issues, revenue forecasts, policies and administration, social spending policies, deficit and debt levels, public investment projects, and public services. 
 - In budget implementation, relevant topics for consultation include changes in macroeconomic circumstances, public services delivery, revenue collection, implementation of social spending, changes in deficit and debt levels, and implementation of public investment projects.
- Provide comprehensive information on the consultation process before engagement begins, so that the public can participate in an informed manner. Comprehensive information must include at least three of the following elements: purpose, scope, constraints, intended outcomes, and the process and timeline.","Support public participation in the budget cycle: Increase public participation, including of vulnerable and marginalized groups, throughout the budget cycle, which covers planning, execution, and oversight. This means enabling engagement between the public and the executive (such as national and subnational governments, line/sector ministries, and departments and agencies), the legislature, and (sub)national audit offices. For example, the Citizen Participatory Audit process in the Philippines evaluates the effectiveness of government spending on public services across different thematic areas and feeds the results into future policy-making.

- Provide training for the public (particularly vulnerable or underrepresented groups) and groups such as civil society organizations (CSOs) and journalists to cultivate the technical expertise necessary for effective participation. 
- Engage a broadly representative section of the public on key topics in a timely, open, and accessible manner. 
     - In budget formulation, relevant topics for consultation include macroeconomic issues, revenue forecasts, policies and administration, social spending policies, deficit and debt levels, public investment projects, and public services. 
     - In budget implementation, relevant topics for consultation include changes in macroeconomic circumstances, public services delivery, revenue collection, implementation of social spending, changes in deficit and debt levels, and implementation of public investment projects.
- Provide comprehensive information on the consultation process before engagement begins, so that the public can participate in an informed manner. Comprehensive information must include at least three of the following elements: purpose, scope, constraints, intended outcomes, and the process and timeline.",Fiscal Openness,0,1,0,0,1,0,0,1,0,,RCID_107; RCID_108; RCID_109; RCID_110; RCID_111; RCID_112; RCID_113; RCID_114; RCID_115; RCID_116; RCID_117; RCID_118; RCID_119,Fiscal Openness
RCID_116,Open Budgets,Provide feedback to the public,"Provide the public with clear, timely feedback on how public inputs have been used for each stage of the budget process.","Provide feedback to the public: Provide the public with clear, timely feedback on how public inputs have been used for each stage of the budget process.",Fiscal Openness,1,1,0,0,0,1,0,1,0,,RCID_107; RCID_108; RCID_109; RCID_110; RCID_111; RCID_112; RCID_113; RCID_114; RCID_115; RCID_116; RCID_117; RCID_118; RCID_119,Fiscal Openness
RCID_117,Open Budgets,Conduct and publish gender-responsive budget reviews,"Conduct and publish gender-responsive budget reviews in consultation with expert groups, such as civil society representatives (for example, organizations focused on women’s empowerment and gender equality). Gender-responsive budget reviews ensure that the allocation of public resources promotes gender-equitable spending and represents the interests of all members of the public.","Conduct and publish gender-responsive budget reviews: Conduct and publish gender-responsive budget reviews in consultation with expert groups, such as civil society representatives (for example, organizations focused on women’s empowerment and gender equality). Gender-responsive budget reviews ensure that the allocation of public resources promotes gender-equitable spending and represents the interests of all members of the public.",Fiscal Openness,0,1,0,1,0,1,0,1,0,,RCID_107; RCID_108; RCID_109; RCID_110; RCID_111; RCID_112; RCID_113; RCID_114; RCID_115; RCID_116; RCID_117; RCID_118; RCID_119,Fiscal Openness
RCID_118,Open Budgets,Create or strengthen oversight mechanisms,"Create or strengthen independent audit and legislative oversight mechanisms to ensure government funds are spent effectively and equitably.

- Publish audit reports in an easy-to-find location (such as a central portal) and a structured format. Consider conducting a campaign to amplify the reach of the reports with users of such data (such as CSOs and journalists) and the general public. For example, the Court of Auditors in France has hosted hackathons with civil society and tech organizations by making public various datasets on budgets and spending by government agencies. 
- Make any responses to the audits publicly available, particularly by CSOs, journalists, and other infomediaries who analyze the data for advocacy purposes.","Create or strengthen oversight mechanisms: Create or strengthen independent audit and legislative oversight mechanisms to ensure government funds are spent effectively and equitably.

- Publish audit reports in an easy-to-find location (such as a central portal) and a structured format. Consider conducting a campaign to amplify the reach of the reports with users of such data (such as CSOs and journalists) and the general public. For example, the Court of Auditors in France has hosted hackathons with civil society and tech organizations by making public various datasets on budgets and spending by government agencies. 
- Make any responses to the audits publicly available, particularly by CSOs, journalists, and other infomediaries who analyze the data for advocacy purposes.",Fiscal Openness,1,0,1,0,1,0,0,0,1,,RCID_107; RCID_108; RCID_109; RCID_110; RCID_111; RCID_112; RCID_113; RCID_114; RCID_115; RCID_116; RCID_117; RCID_118; RCID_119,Fiscal Openness
RCID_119,Open Budgets,Create feedback mechanisms,"Create feedback mechanisms for the public to provide input on the efficiency and effectiveness of government spending. This is especially important to oversee spending of emergency and other quickly dispersed funds.

- Enable members of the public to submit suggestions during audit planning (such as ideas on what public projects should be audited) and the actual audit (such as submitting reports on misconduct or fraud). CSOs and journalists, in particular, should play a role in conducting spot-checks to ensure that funding and services reach intended beneficiaries, particularly those from marginalized groups.
 - For example, Colombia conducts “articulated audits,” where a CSO or citizen oversight body centralizes public inputs for review by the Office of the Comptroller Delegate for Citizen Participation. In another example, Georgia created a budget monitoring portal that includes the ability to submit suggestions or complaints through an OGP action plan. 
- Create a whistleblower hotline for anonymous submission of complaints. (For more information on corporate whistleblower protections, see Keeping Good Company: How Financial Regulation is Helping Reduce Corruption in Market Economies, part of a series on the private sector and open government.) 
- Provide training for the public on how to participate in the audit process, with dedicated outreach to communities who may be less likely to participate, such as women or youth. 
 - In Costa Rica, the audit institution runs an online training course for the public on participating in audits and hosts capacity-building training before running local problem-solving initiatives between local governments and communities.","Create feedback mechanisms: Create feedback mechanisms for the public to provide input on the efficiency and effectiveness of government spending. This is especially important to oversee spending of emergency and other quickly dispersed funds.

- Enable members of the public to submit suggestions during audit planning (such as ideas on what public projects should be audited) and the actual audit (such as submitting reports on misconduct or fraud). CSOs and journalists, in particular, should play a role in conducting spot-checks to ensure that funding and services reach intended beneficiaries, particularly those from marginalized groups.
     - For example, Colombia conducts “articulated audits,” where a CSO or citizen oversight body centralizes public inputs for review by the Office of the Comptroller Delegate for Citizen Participation. In another example, Georgia created a budget monitoring portal that includes the ability to submit suggestions or complaints through an OGP action plan. 
- Create a whistleblower hotline for anonymous submission of complaints. (For more information on corporate whistleblower protections, see Keeping Good Company: How Financial Regulation is Helping Reduce Corruption in Market Economies, part of a series on the private sector and open government.) 
- Provide training for the public on how to participate in the audit process, with dedicated outreach to communities who may be less likely to participate, such as women or youth. 
     - In Costa Rica, the audit institution runs an online training course for the public on participating in audits and hosts capacity-building training before running local problem-solving initiatives between local governments and communities.",Fiscal Openness,0,1,1,1,1,0,0,0,1,,RCID_107; RCID_108; RCID_109; RCID_110; RCID_111; RCID_112; RCID_113; RCID_114; RCID_115; RCID_116; RCID_117; RCID_118; RCID_119,Fiscal Openness
RCID_120,Public Debt,Create or strengthen the legal framework on public debt,"Create or strengthen the legal framework on public debt, ideally through a single, overarching piece of debt legislation (often called a public debt management act, or PDMA). Having a single piece of legislation that contains the following elements, among others, can create an enabling environment for debt transparency:

- Clearly defining what constitutes public debt,
- Setting obligations for the administration to publish debt information, and 
- Establishing clear roles and responsibilities in debt management, including specific provisions for parliamentary approval of loans and public oversight. 
 - Specifically, parliament should be able to approve and scrutinize loans from international sources, determine which government bodies are entitled to contract loans, as well as the processes and procedures for borrowing and the penalties for improper borrowing, and support the organization of a centralized debt management office.","Create or strengthen the legal framework on public debt: Create or strengthen the legal framework on public debt, ideally through a single, overarching piece of debt legislation (often called a public debt management act, or PDMA). Having a single piece of legislation that contains the following elements, among others, can create an enabling environment for debt transparency:

- Clearly defining what constitutes public debt,
- Setting obligations for the administration to publish debt information, and 
- Establishing clear roles and responsibilities in debt management, including specific provisions for parliamentary approval of loans and public oversight. 
     - Specifically, parliament should be able to approve and scrutinize loans from international sources, determine which government bodies are entitled to contract loans, as well as the processes and procedures for borrowing and the penalties for improper borrowing, and support the organization of a centralized debt management office.",Fiscal Openness,1,0,0,0,1,0,0,0,1,,RCID_120; RCID_121; RCID_122; RCID_123; RCID_124; RCID_125; RCID_126; RCID_127; RCID_128; RCID_129,Fiscal Openness
RCID_121,Public Debt,Establish and organize a centralized debt management body,"Establish and organize a centralized debt management body. International best practice suggests that all government debt management and contraction should be conducted through a single government body, typically called a Debt Management Office or Debt Management Unit. According to international standards, such a body should have delegated authority from parliament to conduct all debt management operations and be subject to public parliamentary oversight.","Establish and organize a centralized debt management body: Establish and organize a centralized debt management body. International best practice suggests that all government debt management and contraction should be conducted through a single government body, typically called a Debt Management Office or Debt Management Unit. According to international standards, such a body should have delegated authority from parliament to conduct all debt management operations and be subject to public parliamentary oversight. ",Fiscal Openness,0,0,1,0,1,0,0,1,1,,RCID_120; RCID_121; RCID_122; RCID_123; RCID_124; RCID_125; RCID_126; RCID_127; RCID_128; RCID_129,Fiscal Openness
RCID_122,Public Debt,Increase coordination between the debt management office and the legislature,"Increase coordination between the debt management body and the budget office, including around budgeting and borrowing processes, to ensure appropriate oversight. Such coordination should include public reporting on major decisions related to this data.","Increase coordination between the debt management office and the legislature: Increase coordination between the debt management body and the budget office, including around budgeting and borrowing processes, to ensure appropriate oversight. Such coordination should include public reporting on major decisions related to this data. ",Fiscal Openness,1,0,0,0,0,1,0,1,0,,RCID_120; RCID_121; RCID_122; RCID_123; RCID_124; RCID_125; RCID_126; RCID_127; RCID_128; RCID_129,Fiscal Openness
RCID_123,Public Debt,"Proactively develop, publish, and submit key debt management documents","Proactively develop, publish, and submit key debt management documents, including for public parliamentary review. The following documents, and many more listed in this checklist from NDI and Transparency International, can be published online to facilitate public engagement with public debt. For more details, see the “Open Budgets” chapter of the Open Gov Guide, which includes fiscal openness guidance that is also relevant to public debt.

- A Medium-Term Debt Strategy (MTDS) 
- An annual borrowing plan published before the start of the fiscal year, covering planned borrowing for central government and other entities (such as subnational governments and state-owned enterprises)
- Debt Sustainability Analysis 
- Mid-Year Budget Reviews
- Annual Reports
- Disaggregated debt information, including individual loan agreements and transactions","Proactively develop, publish, and submit key debt management documents: Proactively develop, publish, and submit key debt management documents, including for public parliamentary review. The following documents, and many more listed in this checklist from NDI and Transparency International, can be published online to facilitate public engagement with public debt. For more details, see the “Open Budgets” chapter of the Open Gov Guide, which includes fiscal openness guidance that is also relevant to public debt.

- A Medium-Term Debt Strategy (MTDS) 
- An annual borrowing plan published before the start of the fiscal year, covering planned borrowing for central government and other entities (such as subnational governments and state-owned enterprises)
- Debt Sustainability Analysis 
- Mid-Year Budget Reviews
- Annual Reports
- Disaggregated debt information, including individual loan agreements and transactions",Fiscal Openness,1,0,0,0,1,0,0,1,1,,RCID_120; RCID_121; RCID_122; RCID_123; RCID_124; RCID_125; RCID_126; RCID_127; RCID_128; RCID_129,Fiscal Openness
RCID_124,Public Debt,Allow borrowers to disclose debt information,"Lenders can support transparency by omitting confidentiality clauses in lending instruments, allowing borrowers to disclose information about their debt information. Preventing borrowers from sharing such information through confidentiality clauses is essential to creating an environment where transparency can thrive.","Allow borrowers to disclose debt information: Lenders can support transparency by omitting confidentiality clauses in lending instruments, allowing borrowers to disclose information about their debt information. Preventing borrowers from sharing such information through confidentiality clauses is essential to creating an environment where transparency can thrive.",Fiscal Openness,1,0,0,0,0,1,0,0,0,,RCID_120; RCID_121; RCID_122; RCID_123; RCID_124; RCID_125; RCID_126; RCID_127; RCID_128; RCID_129,Fiscal Openness
RCID_125,Public Debt,Disclose debt information to support transparency,"Lenders may also support transparency by disclosing the value of loans, fees, charges and interest, payment schedules, and relevant information on the purpose of the debt incurred.","Disclose debt information to support transparency: Lenders may also support transparency by disclosing the value of loans, fees, charges and interest, payment schedules, and relevant information on the purpose of the debt incurred.",Fiscal Openness,1,0,0,0,0,0,1,0,0,,RCID_120; RCID_121; RCID_122; RCID_123; RCID_124; RCID_125; RCID_126; RCID_127; RCID_128; RCID_129,Fiscal Openness
RCID_126,Public Debt,"Support the creation of a standardized, publicly accessible creditor registry on loans and debt","Create a standardized, publicly accessible registry on loans and debt that creditor governments would populate. Ideally, this registry would be housed in a permanent, international institution. Over time, such a registry could also include entries from borrower governments.","Support the creation of a standardized, publicly accessible creditor registry on loans and debt: Create a standardized, publicly accessible registry on loans and debt that creditor governments would populate. Ideally, this registry would be housed in a permanent, international institution. Over time, such a registry could also include entries from borrower governments.",Fiscal Openness,1,0,0,0,0,0,1,0,0,,RCID_120; RCID_121; RCID_122; RCID_123; RCID_124; RCID_125; RCID_126; RCID_127; RCID_128; RCID_129,Fiscal Openness
RCID_127,Public Debt,Support public participation at key points of the fiscal management cycle,"Increase public participation during all stages of the fiscal cycle and at important milestones related to debt specifically, such as during debt contraction, negotiations, and the drafting of new or revised fiscal laws. The inclusion of members of vulnerable and excluded groups should be explicitly taken into account when designing public participation initiatives. Such engagement should also follow the best practices for budget openness, which are described in more detail in the “Open Budgets” chapter of the Open Gov Guide.","Support public participation at key points of the fiscal management cycle: Increase public participation during all stages of the fiscal cycle and at important milestones related to debt specifically, such as during debt contraction, negotiations, and the drafting of new or revised fiscal laws. The inclusion of members of vulnerable and excluded groups should be explicitly taken into account when designing public participation initiatives. Such engagement should also follow the best practices for budget openness, which are described in more detail in the “Open Budgets” chapter of the Open Gov Guide.",Fiscal Openness,0,1,0,1,1,0,0,1,0,,RCID_120; RCID_121; RCID_122; RCID_123; RCID_124; RCID_125; RCID_126; RCID_127; RCID_128; RCID_129,Fiscal Openness
RCID_128,Public Debt,Create a specialized parliamentary committee to monitor public debt,"Legislatures play a crucial role in approving loan agreements and holding the government accountable. Legislatures can establish a specialized committee whose responsibilities entail monitoring public debt and its interaction with budget and policy priorities to ensure that parliaments can effectively play their role. Such a committee can lead debt discussions with civil society and work together to increase public debt oversight and accountability, as in the case of Kenya.","Create a specialized parliamentary committee to monitor public debt: Legislatures play a crucial role in approving loan agreements and holding the government accountable. Legislatures can establish a specialized committee whose responsibilities entail monitoring public debt and its interaction with budget and policy priorities to ensure that parliaments can effectively play their role. Such a committee can lead debt discussions with civil society and work together to increase public debt oversight and accountability, as in the case of Kenya.",Fiscal Openness,0,0,1,0,1,0,0,0,1,,RCID_120; RCID_121; RCID_122; RCID_123; RCID_124; RCID_125; RCID_126; RCID_127; RCID_128; RCID_129,Fiscal Openness
RCID_129,Public Debt,"Require the publication of annual, independent audit reports","Require the publication of annual, independent audit reports that the mandated agency (typically the Supreme Audit Institution) will submit to parliament for scrutiny. Legislatures are responsible for reviewing and discussing the audit results and using findings to exercise oversight of the administration’s actions. Wide publication of audit results will also enable civic participation and support advocacy for greater accountability. Examples of audits include:

- Financial audits, or traditional audits, which assess if reported financial statements match actual spending, 
- Performance audits, which determine if the debt has been used in the most efficient manner possible, and 
- Compliance audits, which ensure that the government spent the authorized amount of money for the purposes intended by parliament.","Require the publication of annual, independent audit reports: Require the publication of annual, independent audit reports that the mandated agency (typically the Supreme Audit Institution) will submit to parliament for scrutiny. Legislatures are responsible for reviewing and discussing the audit results and using findings to exercise oversight of the administration’s actions. Wide publication of audit results will also enable civic participation and support advocacy for greater accountability. Examples of audits include:

- Financial audits, or traditional audits, which assess if reported financial statements match actual spending, 
- Performance audits, which determine if the debt has been used in the most efficient manner possible, and 
- Compliance audits, which ensure that the government spent the authorized amount of money for the purposes intended by parliament.",Fiscal Openness,1,0,1,0,1,0,0,1,1,,RCID_120; RCID_121; RCID_122; RCID_123; RCID_124; RCID_125; RCID_126; RCID_127; RCID_128; RCID_129,Fiscal Openness
RCID_130,GBV,Collect and publish GBV-related data in an open format,"Official government data on gender violence and femicide is often absent or incomplete. Collecting and opening up government-held data on GBV allows the public and officials to identify problems and strategies to address violence and contributes to public accountability for the success of public interventions. Targeted, disaggregated data can be significant in evaluating where and how to intervene, as seen in the case of Mexico, where femicide data has been used to inform policy-making. To that end, prioritizing collection and publication through participatory engagement with women’s empowerment organizations can identify gaps in data and increase the use of data in policy-making. Key data includes: 

- Gender-specific risks to women and girls, such as safety and accessibility,
- Data on perceptions of safety and risk, which many government assess via surveys,
- GBV-related crime reporting, including data on resolution of reports, 
- Survey data on the public’s understanding of legal rights, available resources, barriers, and outcomes around addressing GBV, and
- Access to and use of GBV-related prevention and survivor services (including medical care, justice services, and financial support).","Collect and publish GBV-related data in an open format: Official government data on gender violence and femicide is often absent or incomplete. Collecting and opening up government-held data on GBV allows the public and officials to identify problems and strategies to address violence and contributes to public accountability for the success of public interventions. Targeted, disaggregated data can be significant in evaluating where and how to intervene, as seen in the case of Mexico, where femicide data has been used to inform policy-making. To that end, prioritizing collection and publication through participatory engagement with women’s empowerment organizations can identify gaps in data and increase the use of data in policy-making. Key data includes: 

- Gender-specific risks to women and girls, such as safety and accessibility,
- Data on perceptions of safety and risk, which many government assess via surveys,
- GBV-related crime reporting, including data on resolution of reports, 
- Survey data on the public’s understanding of legal rights, available resources, barriers, and outcomes around addressing GBV, and
- Access to and use of GBV-related prevention and survivor services (including medical care, justice services, and financial support).",Inclusion,1,1,0,0,1,0,0,1,0,,RCID_130; RCID_131; RCID_132; RCID_133; RCID_134; RCID_135; RCID_136; RCID_137; RCID_138; RCID_139; RCID_140; RCID_141; RCID_142,Digital Governance
RCID_131,GBV,Implement data protection measures,"While the publication of data is essential, it is equally important that data publication is paired with data protection, ensuring the full anonymity of individuals vulnerable to GBV. This helps prevent stalking, retaliation, and harassment. Agencies and data protection authorities may work together to ensure that people can protect their privacy and safety. This may be particularly important in cases of sexual extortion (or sextortion), where public officers may be involved. In addition, this will be important when there is technology-assisted violence against women, which has become an extremely prevalent concern over the last decade.","Implement data protection measures: While the publication of data is essential, it is equally important that data publication is paired with data protection, ensuring the full anonymity of individuals vulnerable to GBV. This helps prevent stalking, retaliation, and harassment. Agencies and data protection authorities may work together to ensure that people can protect their privacy and safety. This may be particularly important in cases of sexual extortion (or sextortion), where public officers may be involved. In addition, this will be important when there is technology-assisted violence against women, which has become an extremely prevalent concern over the last decade. ",Inclusion,1,1,0,0,0,1,0,1,1,,RCID_130; RCID_131; RCID_132; RCID_133; RCID_134; RCID_135; RCID_136; RCID_137; RCID_138; RCID_139; RCID_140; RCID_141; RCID_142,Digital Governance
RCID_132,GBV,Create open models,"By most estimates, GBV is underreported. This requires estimation models to ensure that resources reach the communities and individuals that need them. Such government models can be made public and subject to comment.","Create open models: By most estimates, GBV is underreported. This requires estimation models to ensure that resources reach the communities and individuals that need them. Such government models can be made public and subject to comment.",Inclusion,1,1,0,0,0,1,0,1,0,,RCID_130; RCID_131; RCID_132; RCID_133; RCID_134; RCID_135; RCID_136; RCID_137; RCID_138; RCID_139; RCID_140; RCID_141; RCID_142,Digital Governance
RCID_133,GBV,"Make data disaggregated, interoperable, and harmonized","Ensuring comparable data across demographics and jurisdictions allows for better targeting of resources, stronger accountability, and faster learning from successes. Examples of demographic information to collect include age, ethnicity, geographic location, and marital status. This is especially important as new issues and approaches emerge, as is the case with the European Union’s emerging data on psychological violence or data on femicide in Latin America.","Make data disaggregated, interoperable, and harmonized: Ensuring comparable data across demographics and jurisdictions allows for better targeting of resources, stronger accountability, and faster learning from successes. Examples of demographic information to collect include age, ethnicity, geographic location, and marital status. This is especially important as new issues and approaches emerge, as is the case with the European Union’s emerging data on psychological violence or data on femicide in Latin America.",Inclusion,1,1,0,0,0,0,1,1,0,,RCID_130; RCID_131; RCID_132; RCID_133; RCID_134; RCID_135; RCID_136; RCID_137; RCID_138; RCID_139; RCID_140; RCID_141; RCID_142,Digital Governance
RCID_134,GBV,Protect the civic space of gender-focused organizations,"Governments can take necessary steps to ensure that women’s organizations, LGBTQIA+ organizations, and other gender-based violence organizations have room to meet, voice their concerns, and propose solutions. This may require particular care, as some of these organizations may represent vulnerable groups such as sex workers, drug users, or youth—communities that face particular stigma and harassment, as well as intense risk of GBV. These protections are doubly important when military, police, or other powerful individuals may be implicated in violence or when implementing counter-terrorism measures. Work done by the Prevention Collaborative and UN Women illustrates successful examples of such interventions.","Protect the civic space of gender-focused organizations: Governments can take necessary steps to ensure that women’s organizations, LGBTQIA+ organizations, and other gender-based violence organizations have room to meet, voice their concerns, and propose solutions. This may require particular care, as some of these organizations may represent vulnerable groups such as sex workers, drug users, or youth—communities that face particular stigma and harassment, as well as intense risk of GBV. These protections are doubly important when military, police, or other powerful individuals may be implicated in violence or when implementing counter-terrorism measures. Work done by the Prevention Collaborative and UN Women illustrates successful examples of such interventions.",Inclusion,0,1,0,0,1,0,0,1,0,,RCID_130; RCID_131; RCID_132; RCID_133; RCID_134; RCID_135; RCID_136; RCID_137; RCID_138; RCID_139; RCID_140; RCID_141; RCID_142,Digital Governance
RCID_135,GBV,Expand opportunities for civic participation in law and policy-making,"Expand opportunities for the public in developing laws, regulations, policies, and government strategies to combat GBV, including in drafting or strengthening laws to prevent and respond to GBV. Governments should proactively include individuals from vulnerable groups as well as representatives of GBV and gender-related organizations in such engagement efforts.","Expand opportunities for civic participation in law and policy-making: Expand opportunities for the public in developing laws, regulations, policies, and government strategies to combat GBV, including in drafting or strengthening laws to prevent and respond to GBV. Governments should proactively include individuals from vulnerable groups as well as representatives of GBV and gender-related organizations in such engagement efforts. ",Inclusion,0,1,0,1,1,0,0,1,1,,RCID_130; RCID_131; RCID_132; RCID_133; RCID_134; RCID_135; RCID_136; RCID_137; RCID_138; RCID_139; RCID_140; RCID_141; RCID_142,Digital Governance
RCID_136,GBV,Ensure the inclusion of GBV and gender-related organizations and representatives in designing and overseeing government programs,"Ensure that the communities impacted by GBV and gender-related organizations and representatives are included in designing and overseeing government community empowerment and education programs. Participatory and holistic approaches in such programming show stronger results. As governments seek to counter persistent violence, they will benefit from ensuring that local service delivery workers, local governments, and women’s empowerment organizations have a stake in programs through participatory approaches. 

- GBV and gender-related organizations and representatives should also be involved in the budgeting process to ensure government programs targeting GBV have sufficient funding. Publishing such budget allocations can also help promote accountability. For details, see the “Open Budgets” chapter of the Open Gov Guide.","Ensure the inclusion of GBV and gender-related organizations and representatives in designing and overseeing government programs: Ensure that the communities impacted by GBV and gender-related organizations and representatives are included in designing and overseeing government community empowerment and education programs. Participatory and holistic approaches in such programming show stronger results. As governments seek to counter persistent violence, they will benefit from ensuring that local service delivery workers, local governments, and women’s empowerment organizations have a stake in programs through participatory approaches. 

- GBV and gender-related organizations and representatives should also be involved in the budgeting process to ensure government programs targeting GBV have sufficient funding. Publishing such budget allocations can also help promote accountability. For details, see the “Open Budgets” chapter of the Open Gov Guide.",Inclusion,0,1,0,0,0,1,0,1,0,,RCID_130; RCID_131; RCID_132; RCID_133; RCID_134; RCID_135; RCID_136; RCID_137; RCID_138; RCID_139; RCID_140; RCID_141; RCID_142,Digital Governance
RCID_137,GBV,Co-create policies to address online GBV threats,"Co-create policies to address online GBV threats with the public, including representatives from marginalized groups, the private sector, and CSOs. Examples of policies include assessing potential threats, creating codes of conduct and procedures for violations, designating escalation policies, and implementing justice reforms. Virtual harassment, intimidation, and threats of violence can prevent women, LGBTQIA+ individuals, and other vulnerable communities from participating in the digital public square. These threats also have the potential to translate into offline violence.","Co-create policies to address online GBV threats: Co-create policies to address online GBV threats with the public, including representatives from marginalized groups, the private sector, and CSOs. Examples of policies include assessing potential threats, creating codes of conduct and procedures for violations, designating escalation policies, and implementing justice reforms. Virtual harassment, intimidation, and threats of violence can prevent women, LGBTQIA+ individuals, and other vulnerable communities from participating in the digital public square. These threats also have the potential to translate into offline violence. ",Inclusion,0,1,0,1,0,0,1,1,0,,RCID_130; RCID_131; RCID_132; RCID_133; RCID_134; RCID_135; RCID_136; RCID_137; RCID_138; RCID_139; RCID_140; RCID_141; RCID_142,Digital Governance
RCID_138,GBV,Strengthen the public’s role in oversight,"Legislators and administrators can better ensure that laws, regulations, and programs are effective when the public has the right to observe and inform a decision-making process. It is also important to ensure that audit reports and inspectors can publish their reports free of political interference.","Strengthen the public’s role in oversight: Legislators and administrators can better ensure that laws, regulations, and programs are effective when the public has the right to observe and inform a decision-making process. It is also important to ensure that audit reports and inspectors can publish their reports free of political interference. ",Inclusion,1,1,1,0,0,0,1,1,1,,RCID_130; RCID_131; RCID_132; RCID_133; RCID_134; RCID_135; RCID_136; RCID_137; RCID_138; RCID_139; RCID_140; RCID_141; RCID_142,Digital Governance
RCID_139,GBV,Carry out rights-based education and outreach on GBV prevention and response,This includes engaging communities and community leaders to spread normative values around violence and working with educational leadership to encourage GBV discussion in schools.,Carry out rights-based education and outreach on GBV prevention and response: This includes engaging communities and community leaders to spread normative values around violence and working with educational leadership to encourage GBV discussion in schools.,Inclusion,0,1,0,0,0,0,1,1,0,,RCID_130; RCID_131; RCID_132; RCID_133; RCID_134; RCID_135; RCID_136; RCID_137; RCID_138; RCID_139; RCID_140; RCID_141; RCID_142,Digital Governance
RCID_140,GBV,Create citizen advisory boards for first responders,"Create citizen advisory boards for first responders. Police, health, and emergency workers may be the first to encounter gender-based violence. In these cases, governments may wish to establish citizen advisory boards to address individual problems and strengthen positive interventions in first responder protocols.","Create citizen advisory boards for first responders: Create citizen advisory boards for first responders. Police, health, and emergency workers may be the first to encounter gender-based violence. In these cases, governments may wish to establish citizen advisory boards to address individual problems and strengthen positive interventions in first responder protocols.",Inclusion,0,0,1,0,1,0,0,1,0,,RCID_130; RCID_131; RCID_132; RCID_133; RCID_134; RCID_135; RCID_136; RCID_137; RCID_138; RCID_139; RCID_140; RCID_141; RCID_142,Digital Governance
RCID_141,GBV,Ensure access to redress mechanisms for unsafe workplaces,"Ensure that workers have access to redress mechanisms to address unsafe workplaces in addition to courts. For open government purposes, this may be easier to begin with public sector agencies. This can help ensure that women and other vulnerable groups have appropriate protection from stalking, intimidation, and threats of violence. In no circumstances should this replace legal or other criminal measures.","Ensure access to redress mechanisms for unsafe workplaces: Ensure that workers have access to redress mechanisms to address unsafe workplaces in addition to courts. For open government purposes, this may be easier to begin with public sector agencies. This can help ensure that women and other vulnerable groups have appropriate protection from stalking, intimidation, and threats of violence. In no circumstances should this replace legal or other criminal measures. ",Inclusion,0,0,1,1,0,1,0,1,0,,RCID_130; RCID_131; RCID_132; RCID_133; RCID_134; RCID_135; RCID_136; RCID_137; RCID_138; RCID_139; RCID_140; RCID_141; RCID_142,Digital Governance
RCID_142,GBV,Strengthen access to justice and redress for GBV survivors,"Survivors of GBV may not be able to obtain legal support due to reasons of awareness, resources, or prohibitive rules. Governments can take steps to improve access to redress and remedy by raising awareness of rights and processes, lowering procedural hurdles to make claims, and distributing legal and other aid to survivors in alternative locations. In addition, survivors of violence may need additional protections and services to supplement justice concerns, such as healthcare, shelter, and employment support. Responding agencies (such as police forces) should have publicly available information on their Standard Operating Procedures for supporting survivors. This information should also be shared with health justice organizations proactively. For more guidance, see OGP’s work on Access to Justice and in the “Access to Justice” chapter in the Open Gov Guide.","Strengthen access to justice and redress for GBV survivors: Survivors of GBV may not be able to obtain legal support due to reasons of awareness, resources, or prohibitive rules. Governments can take steps to improve access to redress and remedy by raising awareness of rights and processes, lowering procedural hurdles to make claims, and distributing legal and other aid to survivors in alternative locations. In addition, survivors of violence may need additional protections and services to supplement justice concerns, such as healthcare, shelter, and employment support. Responding agencies (such as police forces) should have publicly available information on their Standard Operating Procedures for supporting survivors. This information should also be shared with health justice organizations proactively. For more guidance, see OGP’s work on Access to Justice and in the “Access to Justice” chapter in the Open Gov Guide.",Inclusion,0,0,1,1,0,0,1,1,0,,RCID_130; RCID_131; RCID_132; RCID_133; RCID_134; RCID_135; RCID_136; RCID_137; RCID_138; RCID_139; RCID_140; RCID_141; RCID_142,Digital Governance
RCID_143,Open Gender Data,Include the collection and publication of high-value gender data in RTI frameworks,"Include the collection and publication of high-value gender data in right to information (RTI) protections, including rules on archive management and proactive disclosure requirements. For example, in countries with lists of proactive data to be published, ensure that high-value gender data is on that list. For details on RTI best practices, see the “Right to Information” chapter of the Open Gov Guide.","Include the collection and publication of high-value gender data in RTI frameworks: Include the collection and publication of high-value gender data in right to information (RTI) protections, including rules on archive management and proactive disclosure requirements. For example, in countries with lists of proactive data to be published, ensure that high-value gender data is on that list. For details on RTI best practices, see the “Right to Information” chapter of the Open Gov Guide.",Inclusion,1,0,0,0,1,0,0,1,1,,RCID_143; RCID_144; RCID_145; RCID_146; RCID_147; RCID_148; RCID_149; RCID_150; RCID_151; RCID_152; RCID_153; RCID_154,Digital Governance
RCID_144,Open Gender Data,Ensure the legal framework for data protection and ethical use applies to gender data,"Ensure that any framework laws on data protection and the ethical use of automated decision-making, including the establishment or enhancement of a Data Protection Authority, explicitly refer to the protection of gender data. Though the use of “big data” tools can help accelerate efforts to close gaps in collecting gender data, it is critical to ensure that the government creates appropriate safeguards to protect individual rights and ensure an appropriate plan for use, storage, and disposal. For detailed guidance on digital governance reforms, please see the “Automated Decision-Making, Algorithms, and Artificial Intelligence” chapter of the Open Gov Guide.","Ensure the legal framework for data protection and ethical use applies to gender data: Ensure that any framework laws on data protection and the ethical use of automated decision-making, including the establishment or enhancement of a Data Protection Authority, explicitly refer to the protection of gender data. Though the use of “big data” tools can help accelerate efforts to close gaps in collecting gender data, it is critical to ensure that the government creates appropriate safeguards to protect individual rights and ensure an appropriate plan for use, storage, and disposal. For detailed guidance on digital governance reforms, please see the “Automated Decision-Making, Algorithms, and Artificial Intelligence” chapter of the Open Gov Guide. ",Inclusion,1,0,1,0,1,0,0,0,1,,RCID_143; RCID_144; RCID_145; RCID_146; RCID_147; RCID_148; RCID_149; RCID_150; RCID_151; RCID_152; RCID_153; RCID_154,Digital Governance
RCID_145,Open Gender Data,Allocate dedicated funding to collect and publish government-held gender data,"Prioritize the allocation of sufficient dedicated funding for gender data within the budgets of national statistical offices (NSOs) and in the budgets of implementing agencies. Budget commitments increase the likelihood that gender data collection, analysis, and dissemination efforts will be funded. Publishing such budget allocations can also help promote accountability. For details, see the “Open Budgets” chapter of the Open Gov Guide.

- The NSO or open data body can conduct training sessions with public officials to ensure they have the knowledge necessary to carry out data-related tasks. 
Consider creating an incentive program to encourage public officials to further develop their fluency with open data best practices in general, and open gender data in particular.","Allocate dedicated funding to collect and publish government-held gender data: Prioritize the allocation of sufficient dedicated funding for gender data within the budgets of national statistical offices (NSOs) and in the budgets of implementing agencies. Budget commitments increase the likelihood that gender data collection, analysis, and dissemination efforts will be funded. Publishing such budget allocations can also help promote accountability. For details, see the “Open Budgets” chapter of the Open Gov Guide.

- The NSO or open data body can conduct training sessions with public officials to ensure they have the knowledge necessary to carry out data-related tasks. 
Consider creating an incentive program to encourage public officials to further develop their fluency with open data best practices in general, and open gender data in particular.",Inclusion,1,0,0,0,1,0,0,0,1,,RCID_143; RCID_144; RCID_145; RCID_146; RCID_147; RCID_148; RCID_149; RCID_150; RCID_151; RCID_152; RCID_153; RCID_154,Digital Governance
RCID_146,Open Gender Data,Prioritize the inclusion of gender data in agency and ministerial work plans,"Prioritize the inclusion of gender data in agency or ministerial work plans. One key agency that should prioritize the integration of gender data is NSOs, especially in planning national-level statistical data collection, analysis, and reporting activities each year. Other examples include gender-specific ministries, which can increase their use of gender data in planning and implementing policies and programs. 

- Chile mandates that each ministry develops an annual commitment to fulfill gender-related data goals that are evaluated by the Ministry of Women and Gender Equality in close coordination with the Office of the President. The tracking of gender data by Chile’s financial sector regulatory body illustrates how such commitments translate into real-world change. When the regulatory body began requiring banks to collect sex-disaggregated data on savings account holders, it led to the discovery of inequalities in the banking sector. For example, the regulator found that women have lower deposit rates and lower numbers of commercial loans. The government uses these annual findings to adjust policies on topics such as financial inclusion, housing, and credit.","Prioritize the inclusion of gender data in agency and ministerial work plans: Prioritize the inclusion of gender data in agency or ministerial work plans. One key agency that should prioritize the integration of gender data is NSOs, especially in planning national-level statistical data collection, analysis, and reporting activities each year. Other examples include gender-specific ministries, which can increase their use of gender data in planning and implementing policies and programs. 

- Chile mandates that each ministry develops an annual commitment to fulfill gender-related data goals that are evaluated by the Ministry of Women and Gender Equality in close coordination with the Office of the President. The tracking of gender data by Chile’s financial sector regulatory body illustrates how such commitments translate into real-world change. When the regulatory body began requiring banks to collect sex-disaggregated data on savings account holders, it led to the discovery of inequalities in the banking sector. For example, the regulator found that women have lower deposit rates and lower numbers of commercial loans. The government uses these annual findings to adjust policies on topics such as financial inclusion, housing, and credit.",Inclusion,1,0,0,0,0,1,0,1,0,,RCID_143; RCID_144; RCID_145; RCID_146; RCID_147; RCID_148; RCID_149; RCID_150; RCID_151; RCID_152; RCID_153; RCID_154,Digital Governance
RCID_147,Open Gender Data,Mandate the coordination of high-value gender data collection and publication through a new or existing body,"Mandate the coordination of high-value gender data collection and publication through a new or existing body (such as the NSO). The implementing body would coordinate or aggregate the data practices of agencies and ministries that produce key gender data sources, such as population censuses, household surveys, and administrative data. Specific tasks for the implementing agency include managing cross-sector data collection and prioritizing high-value datasets for proactive disclosure.

- Strengthening collaboration between the NSO and ministries with a high-priority gender data portfolio, in particular, is crucial to improving government-wide coordination, such as by aligning data collection, analysis, and dissemination efforts.
- According to Open Data Watch’s 2023 Gender Data Compass report, about 95 percent of statistics-related laws refer to the “importance of coordination between the NSO and other agencies that produce statistical data.” Though most laws do not specifically reference gender, this legal foundation can help catalyze greater coordination in the collection, publication, and use of gender data.","Mandate the coordination of high-value gender data collection and publication through a new or existing body: Mandate the coordination of high-value gender data collection and publication through a new or existing body (such as the NSO). The implementing body would coordinate or aggregate the data practices of agencies and ministries that produce key gender data sources, such as population censuses, household surveys, and administrative data. Specific tasks for the implementing agency include managing cross-sector data collection and prioritizing high-value datasets for proactive disclosure.

- Strengthening collaboration between the NSO and ministries with a high-priority gender data portfolio, in particular, is crucial to improving government-wide coordination, such as by aligning data collection, analysis, and dissemination efforts.
- According to Open Data Watch’s 2023 Gender Data Compass report, about 95 percent of statistics-related laws refer to the “importance of coordination between the NSO and other agencies that produce statistical data.” Though most laws do not specifically reference gender, this legal foundation can help catalyze greater coordination in the collection, publication, and use of gender data.",Inclusion,1,0,0,0,0,1,0,1,0,,RCID_143; RCID_144; RCID_145; RCID_146; RCID_147; RCID_148; RCID_149; RCID_150; RCID_151; RCID_152; RCID_153; RCID_154,Digital Governance
RCID_148,Open Gender Data,"Develop and coordinate standardized, disaggregated gender data to be used with other key data","Ensure that government gender data collection is standardized and disaggregated according to multiple characteristics, such as age, ethnicity, socioeconomic status, disability, migration status, and location. The collection and publication of disaggregated gender data on the impact of government policies and programs on beneficiaries is necessary to target the unique needs of the populations they serve. Below are examples of how to expand data collection in priority areas for gender data, as well as suggestions for new data collection methods. For a full list of high-priority gender data to collect and publish, see the “High-Priority Gender Data Checklist” in the box below. 

- Labor data: Implement time-use and labor force surveys to regularly collect gender data on employment, unpaid care work, and time allocation, all of which are underrepresented in gender datasets. This could also include labor data on government employees—Honduras committed to a similar initiative in its 2023–2025 OGP action plan. According to the 2023 Gender Data Compass report, these surveys provide “indispensable insights into the dynamics of labor and the distribution of responsibilities within households and communities, contributing to a more comprehensive understanding of gender dynamics and inequalities.” 
 - For example, in Uruguay, time-use surveys quantified women’s unpaid care work, which helped support advocacy efforts to create an integrated national care system, including “expanded services for preschool children, the elderly and people with disabilities.” 
- Health data: Expand the scope of health data collected by the government, including on maternal mortality rates and other vital statistics. For example, UN Women recommends the consistent collection of information such as the cause of death or sex of victims and perpetrators, which could be used to inform progress toward the SDGs and other metrics. Efforts to expand the scope of administrative data collection and publication require improving civil registration and vital statistics (CRVS), health administration, and education administration systems through long-term financial and technical investments.
- Household surveys: The NSO and other bodies focused on promoting best practices (such as a national science body or social science institution) can promote best practices to ensure statistical research is gender-sensitive. For example, expanding the scope of household surveys, which often serve as the primary source of gender data. Adding a specialized survey on gender-based violence as part of the regular household survey process would better capture the experience of women and girls to guide policy and programming. Another example is to include the collection of intra-household data, which aims to capture information about every member of the household. According to the 2023 Gender Data Compass report, such an approach “not only recognizes the unique roles and experiences of each individual but also ensures that gender data are as comprehensive and inclusive as possible.”
- Emerging technology: Consider using emerging technology to collect and publish gender data, such as digitizing records, to increase the breadth and depth of data available, as well as the frequency of updates. 
- Public participation: Working with research institutions and networks can also support the integration of community priorities and perspectives into gender data collection and publication.","Develop and coordinate standardized, disaggregated gender data to be used with other key data: Ensure that government gender data collection is standardized and disaggregated according to multiple characteristics, such as age, ethnicity, socioeconomic status, disability, migration status, and location. The collection and publication of disaggregated gender data on the impact of government policies and programs on beneficiaries is necessary to target the unique needs of the populations they serve. Below are examples of how to expand data collection in priority areas for gender data, as well as suggestions for new data collection methods. For a full list of high-priority gender data to collect and publish, see the “High-Priority Gender Data Checklist” in the box below. 

- Labor data: Implement time-use and labor force surveys to regularly collect gender data on employment, unpaid care work, and time allocation, all of which are underrepresented in gender datasets. This could also include labor data on government employees—Honduras committed to a similar initiative in its 2023–2025 OGP action plan. According to the 2023 Gender Data Compass report, these surveys provide “indispensable insights into the dynamics of labor and the distribution of responsibilities within households and communities, contributing to a more comprehensive understanding of gender dynamics and inequalities.” 
     - For example, in Uruguay, time-use surveys quantified women’s unpaid care work, which helped support advocacy efforts to create an integrated national care system, including “expanded services for preschool children, the elderly and people with disabilities.” 
- Health data: Expand the scope of health data collected by the government, including on maternal mortality rates and other vital statistics. For example, UN Women recommends the consistent collection of information such as the cause of death or sex of victims and perpetrators, which could be used to inform progress toward the SDGs and other metrics. Efforts to expand the scope of administrative data collection and publication require improving civil registration and vital statistics (CRVS), health administration, and education administration systems through long-term financial and technical investments.
- Household surveys: The NSO and other bodies focused on promoting best practices (such as a national science body or social science institution) can promote best practices to ensure statistical research is gender-sensitive. For example, expanding the scope of household surveys, which often serve as the primary source of gender data. Adding a specialized survey on gender-based violence as part of the regular household survey process would better capture the experience of women and girls to guide policy and programming. Another example is to include the collection of intra-household data, which aims to capture information about every member of the household. According to the 2023 Gender Data Compass report, such an approach “not only recognizes the unique roles and experiences of each individual but also ensures that gender data are as comprehensive and inclusive as possible.”
- Emerging technology: Consider using emerging technology to collect and publish gender data, such as digitizing records, to increase the breadth and depth of data available, as well as the frequency of updates. 
- Public participation: Working with research institutions and networks can also support the integration of community priorities and perspectives into gender data collection and publication.",Inclusion,1,0,0,1,1,0,0,1,0,,RCID_143; RCID_144; RCID_145; RCID_146; RCID_147; RCID_148; RCID_149; RCID_150; RCID_151; RCID_152; RCID_153; RCID_154,Digital Governance
RCID_149,Open Gender Data,"Publish disaggregated, government-held gender data regularly and in an open format","Publish disaggregated, government-held gender data at the individual level to improve the ability of government and non-government actors to analyze datasets for gender-specific insights through the coordination of the implementing body. Such data could be published on a centralized dashboard managed by the implementing body, where relevant government bodies can also upload their gender data and metadata in free, machine-readable formats and standardize vocabulary to make such information easier to analyze. The implementing body should also publish gender data regularly to make it easier to identify trends and progress over time. Finally, all gender data should be published with appropriate personal data protections. 

- One way to effectively broaden data accessibility is to create a government-wide “open with a purpose” policy, which emphasizes intentional data-sharing practices to align with specific goals and outcomes, such as promoting gender equity and addressing gender-based violence. Structuring the policy as “open with a purpose” can lay the foundation for an “open by default” standard to maximize access to data unless explicitly restricted. Such a policy could also require that all data be made publicly available with a limited number of exemptions, such as security or privacy protections. 
- Improving census and CRVS systems can ensure the regular collection and publication of gender data. Census and CRVS systems can be used to provide reliable information on the demographics of people living within a country. According to the 2023 Gender Data Compass report, starting with these two systems could have an outsized impact on the production of gender data.","Publish disaggregated, government-held gender data regularly and in an open format: Publish disaggregated, government-held gender data at the individual level to improve the ability of government and non-government actors to analyze datasets for gender-specific insights through the coordination of the implementing body. Such data could be published on a centralized dashboard managed by the implementing body, where relevant government bodies can also upload their gender data and metadata in free, machine-readable formats and standardize vocabulary to make such information easier to analyze. The implementing body should also publish gender data regularly to make it easier to identify trends and progress over time. Finally, all gender data should be published with appropriate personal data protections. 

- One way to effectively broaden data accessibility is to create a government-wide “open with a purpose” policy, which emphasizes intentional data-sharing practices to align with specific goals and outcomes, such as promoting gender equity and addressing gender-based violence. Structuring the policy as “open with a purpose” can lay the foundation for an “open by default” standard to maximize access to data unless explicitly restricted. Such a policy could also require that all data be made publicly available with a limited number of exemptions, such as security or privacy protections. 
- Improving census and CRVS systems can ensure the regular collection and publication of gender data. Census and CRVS systems can be used to provide reliable information on the demographics of people living within a country. According to the 2023 Gender Data Compass report, starting with these two systems could have an outsized impact on the production of gender data.",Inclusion,1,0,0,0,1,0,0,1,0,,RCID_143; RCID_144; RCID_145; RCID_146; RCID_147; RCID_148; RCID_149; RCID_150; RCID_151; RCID_152; RCID_153; RCID_154,Digital Governance
RCID_150,Open Gender Data,Make gender data interoperable,"Use standardized coding across datasets related to gender to ensure that data in different databases can be used together, which increases accountability. Ensuring the successful centralization of gender data requires that data collected across government agencies and at the subnational level share a standardized coding system. This may include consistent ways of coding demographics across datasets or reducing duplication of data where there is no additional data. This allows data users to make connections across datasets to track trends and identify disparities. The Republic of Korea provides a good example of what a centralized, interoperable gender database looks like in practice. 

- Making sure the codes for different gender identity categories are consistent is an example of how to ensure interoperability across datasets. For example, in the United States, the Office of the National Coordinator for Health Information Technology established common coding for gender identity related to health data, as well as for race, ethnicity, and sex assigned at birth.","Make gender data interoperable: Use standardized coding across datasets related to gender to ensure that data in different databases can be used together, which increases accountability. Ensuring the successful centralization of gender data requires that data collected across government agencies and at the subnational level share a standardized coding system. This may include consistent ways of coding demographics across datasets or reducing duplication of data where there is no additional data. This allows data users to make connections across datasets to track trends and identify disparities. The Republic of Korea provides a good example of what a centralized, interoperable gender database looks like in practice. 

- Making sure the codes for different gender identity categories are consistent is an example of how to ensure interoperability across datasets. For example, in the United States, the Office of the National Coordinator for Health Information Technology established common coding for gender identity related to health data, as well as for race, ethnicity, and sex assigned at birth.",Inclusion,1,0,0,0,0,1,0,1,1,,RCID_143; RCID_144; RCID_145; RCID_146; RCID_147; RCID_148; RCID_149; RCID_150; RCID_151; RCID_152; RCID_153; RCID_154,Digital Governance
RCID_151,Open Gender Data,Consult with data users,"Consult those using the data (especially researchers, journalists, and data collaboratives) in an advisory capacity to ensure data is useful and usable. Specifically, the agency responsible for gender data collection can assess the demand for specific types of gender data, data users’ needs, and the performance of existing data platforms. The agency can also take a participatory approach to decision-making on what gender data to publish, such as through a multi-stakeholder committee.","Consult with data users: Consult those using the data (especially researchers, journalists, and data collaboratives) in an advisory capacity to ensure data is useful and usable. Specifically, the agency responsible for gender data collection can assess the demand for specific types of gender data, data users’ needs, and the performance of existing data platforms. The agency can also take a participatory approach to decision-making on what gender data to publish, such as through a multi-stakeholder committee. ",Inclusion,0,1,0,1,1,0,0,1,1,,RCID_143; RCID_144; RCID_145; RCID_146; RCID_147; RCID_148; RCID_149; RCID_150; RCID_151; RCID_152; RCID_153; RCID_154,Digital Governance
RCID_152,Open Gender Data,Conduct training and awareness raising for non-government actors,"Provide tailored training for different non-government actors working on areas relevant to implementing agencies. This can include CSOs, journalists, the private sector, academics, and members of the general public. This is necessary to create a baseline understanding of what open gender data is, why it matters, where to find it, and how it can be used to monitor progress on gender-related commitments.","Conduct training and awareness raising for non-government actors: Provide tailored training for different non-government actors working on areas relevant to implementing agencies. This can include CSOs, journalists, the private sector, academics, and members of the general public. This is necessary to create a baseline understanding of what open gender data is, why it matters, where to find it, and how it can be used to monitor progress on gender-related commitments.",Inclusion,0,1,0,1,0,1,0,1,0,,RCID_143; RCID_144; RCID_145; RCID_146; RCID_147; RCID_148; RCID_149; RCID_150; RCID_151; RCID_152; RCID_153; RCID_154,Digital Governance
RCID_153,Open Gender Data,Conduct public consultations on high-value data prioritization,"Conduct consultations where relevant members of the public can inform decision-making, such as in the identification of gender-related priorities for data collection or the design of pilots to collect new types of data. Ensure that such consultations include targeted outreach to the specific communities whose data will be collected and assessed. Examples of this include deliberative models of participation at national and local levels. The implementing agency can lead such consultations.","Conduct public consultations on high-value data prioritization: Conduct consultations where relevant members of the public can inform decision-making, such as in the identification of gender-related priorities for data collection or the design of pilots to collect new types of data. Ensure that such consultations include targeted outreach to the specific communities whose data will be collected and assessed. Examples of this include deliberative models of participation at national and local levels. The implementing agency can lead such consultations. ",Inclusion,0,1,0,1,0,1,0,1,1,,RCID_143; RCID_144; RCID_145; RCID_146; RCID_147; RCID_148; RCID_149; RCID_150; RCID_151; RCID_152; RCID_153; RCID_154,Digital Governance
RCID_154,Open Gender Data,Create or strengthen oversight mechanisms,"Create or strengthen independent audit and legislative oversight mechanisms to use open gender data in assessing whether government funds are spent effectively and equitably on policies related to gender inequality and similar issues. An RTI Commission, ombudsperson, or similar body could also play an oversight role in enforcing an RTI law, statistical laws, and regulations related to data disclosure to ensure that data conforms to the law and is accurate and free of political influence.

This includes publishing audit reports in an easy-to-find location (such as a central portal) and a structured format. Consider conducting a campaign to amplify the reach of the reports with users of such data (such as CSOs and journalists) and the general public.","Create or strengthen oversight mechanisms: Create or strengthen independent audit and legislative oversight mechanisms to use open gender data in assessing whether government funds are spent effectively and equitably on policies related to gender inequality and similar issues. An RTI Commission, ombudsperson, or similar body could also play an oversight role in enforcing an RTI law, statistical laws, and regulations related to data disclosure to ensure that data conforms to the law and is accurate and free of political influence.

This includes publishing audit reports in an easy-to-find location (such as a central portal) and a structured format. Consider conducting a campaign to amplify the reach of the reports with users of such data (such as CSOs and journalists) and the general public.
",Inclusion,1,0,1,0,1,0,0,0,1,,RCID_143; RCID_144; RCID_145; RCID_146; RCID_147; RCID_148; RCID_149; RCID_150; RCID_151; RCID_152; RCID_153; RCID_154,Digital Governance
RCID_217,Mainstreaming Participation,Establish a basic framework for participation,"Establish a legal right to participation and access to information through common mechanisms, such as notice-and-comment periods in regulations.","Establish a basic framework for participation: Establish a legal right to participation and access to information through common mechanisms, such as notice-and-comment periods in regulations. ",Public Participation,1,1,0,0,1,0,0,0,1,,RCID_217; RCID_218; RCID_219; RCID_220; RCID_221; RCID_222; RCID_223; RCID_224; RCID_225; RCID_226,Public Participation
RCID_218,Mainstreaming Participation,Improve access to decision-making processes,"Establish that the public has a right to observe and inform public decisions through open meeting laws, right to information, and lobbying rules.","Improve access to decision-making processes: Establish that the public has a right to observe and inform public decisions through open meeting laws, right to information, and lobbying rules. ",Public Participation,1,1,0,0,1,0,0,0,1,,RCID_217; RCID_218; RCID_219; RCID_220; RCID_221; RCID_222; RCID_223; RCID_224; RCID_225; RCID_226,Public Participation
RCID_219,Mainstreaming Participation,Develop minimum standards on deliberative practice,"Develop government standards that govern participation practice, either to elaborate on existing laws or to provide guidance for innovations in deliberative processes already being implemented by administrations or legislatures.","Develop minimum standards on deliberative practice: Develop government standards that govern participation practice, either to elaborate on existing laws or to provide guidance for innovations in deliberative processes already being implemented by administrations or legislatures. ",Public Participation,0,1,0,0,0,1,0,1,0,,RCID_217; RCID_218; RCID_219; RCID_220; RCID_221; RCID_222; RCID_223; RCID_224; RCID_225; RCID_226,Public Participation
RCID_220,Mainstreaming Participation,Create oversight bodies,"Establish multi-stakeholder bodies at the agency or whole-of-government level that design, mainstream, and monitor inclusion and participation practices in agency decision-making. These may also be housed in legislative oversight committees.

- These multi-stakeholder bodies should also be diverse, inclusive, and appointed using transparent, well-publicized processes.","Create oversight bodies: Establish multi-stakeholder bodies at the agency or whole-of-government level that design, mainstream, and monitor inclusion and participation practices in agency decision-making. These may also be housed in legislative oversight committees.

- These multi-stakeholder bodies should also be diverse, inclusive, and appointed using transparent, well-publicized processes.",Public Participation,0,0,1,1,0,1,0,0,1,,RCID_217; RCID_218; RCID_219; RCID_220; RCID_221; RCID_222; RCID_223; RCID_224; RCID_225; RCID_226,Public Participation
RCID_221,Mainstreaming Participation,Design pilots,"Carry out pilots of deliberative processes on key issues with the general public, paying special attention to ensure diversity across and within groups of the selected sample. Examples such as citizen assemblies have found success particularly at the local level, as research on public participation suggests.","Design pilots: Carry out pilots of deliberative processes on key issues with the general public, paying special attention to ensure diversity across and within groups of the selected sample. Examples such as citizen assemblies have found success particularly at the local level, as research on public participation suggests.",Public Participation,0,1,0,1,1,0,0,1,0,,RCID_217; RCID_218; RCID_219; RCID_220; RCID_221; RCID_222; RCID_223; RCID_224; RCID_225; RCID_226,Public Participation
RCID_222,Mainstreaming Participation,Establish rules for how deliberative processes interact with policy-making,"Explicitly explain how deliberative processes will interact with constitutional, legislative, and regulatory processes, such as clarifying when they will occur and how they will inform final decisions. For example, establish processes for deliberative polling and discussion around politically difficult issues.","Establish rules for how deliberative processes interact with policy-making: Explicitly explain how deliberative processes will interact with constitutional, legislative, and regulatory processes, such as clarifying when they will occur and how they will inform final decisions. For example, establish processes for deliberative polling and discussion around politically difficult issues.",Public Participation,0,1,0,0,0,1,0,1,1,,RCID_217; RCID_218; RCID_219; RCID_220; RCID_221; RCID_222; RCID_223; RCID_224; RCID_225; RCID_226,Public Participation
RCID_223,Mainstreaming Participation,Conduct targeted outreach to identify new actors,Conduct targeted outreach for new actors who will join participation initiatives to ensure that groups are as inclusive and representative as possible.,Conduct targeted outreach to identify new actors: Conduct targeted outreach for new actors who will join participation initiatives to ensure that groups are as inclusive and representative as possible.,Public Participation,0,1,0,1,0,1,0,1,1,,RCID_217; RCID_218; RCID_219; RCID_220; RCID_221; RCID_222; RCID_223; RCID_224; RCID_225; RCID_226,Public Participation
RCID_224,Mainstreaming Participation,Train public officials,"Carry out training and capacity building for public officials on public participation to ensure that high-quality, meaningful dialogue takes place.","Train public officials: Carry out training and capacity building for public officials on public participation to ensure that high-quality, meaningful dialogue takes place.",Public Participation,0,1,0,0,0,1,0,1,0,,RCID_217; RCID_218; RCID_219; RCID_220; RCID_221; RCID_222; RCID_223; RCID_224; RCID_225; RCID_226,Public Participation
RCID_225,Mainstreaming Participation,Train members of the public,"Carry out training and capacity building for members of the public who join participation initiatives. This is especially important to build capacity for representatives from groups that are not as likely to be involved in decision-making, such as young people, indigenous people, and women, to ensure they have the tools to participate fully.","Train members of the public: Carry out training and capacity building for members of the public who join participation initiatives. This is especially important to build capacity for representatives from groups that are not as likely to be involved in decision-making, such as young people, indigenous people, and women, to ensure they have the tools to participate fully.",Public Participation,0,1,0,1,0,1,0,1,0,,RCID_217; RCID_218; RCID_219; RCID_220; RCID_221; RCID_222; RCID_223; RCID_224; RCID_225; RCID_226,Public Participation
RCID_226,Mainstreaming Participation,Create institutional knowledge teams,Establish participation teams or centers of best practice to maintain institutional knowledge and increase the quality of participation mechanisms.,Create institutional knowledge teams: Establish participation teams or centers of best practice to maintain institutional knowledge and increase the quality of participation mechanisms.,Public Participation,0,1,0,0,0,0,1,1,0,,RCID_217; RCID_218; RCID_219; RCID_220; RCID_221; RCID_222; RCID_223; RCID_224; RCID_225; RCID_226,Public Participation
RCID_227,Access to Information,Pass a law to manage archive rules,"Establish a law to manage the storage and retrieval of physical and electronic government records, including requirements related to how long information can be retained and oversight authority for records management. Ensuring that information is correctly stored and easy to retrieve is necessary to implement an RTI law.","Pass a law to manage archive rules: Establish a law to manage the storage and retrieval of physical and electronic government records, including requirements related to how long information can be retained and oversight authority for records management. Ensuring that information is correctly stored and easy to retrieve is necessary to implement an RTI law. ",Access to Information,1,0,0,0,1,0,0,0,1,,RCID_227; RCID_228; RCID_229; RCID_230; RCID_231; RCID_232; RCID_233; RCID_234; RCID_235; RCID_236; RCID_237; RCID_238; RCID_239; RCID_240; RCID_241; RCID_242; RCID_243; RCID_244,Access to Information
RCID_228,Access to Information,Pass an RTI law,"Establish an RTI law in line with the most current standards, as outlined in the Guidance and Standards section below.","Pass an RTI law: Establish an RTI law in line with the most current standards, as outlined in the Guidance and Standards section below. ",Access to Information,1,0,0,0,1,0,0,0,1,,RCID_227; RCID_228; RCID_229; RCID_230; RCID_231; RCID_232; RCID_233; RCID_234; RCID_235; RCID_236; RCID_237; RCID_238; RCID_239; RCID_240; RCID_241; RCID_242; RCID_243; RCID_244,Access to Information
RCID_229,Access to Information,Require RTI performance data collection and publication,"Require the collection and publication of RTI performance information in open data format. Efforts can include mandates to collect and publish the following data for each authority covered by the RTI law.

- Data on the number of requests submitted and processed, how long it took the relevant government agency or agencies to respond to requests, request disposition, reasons for denial, and appeals against RTI decisions and their results.
- Data that follows a standardized, validated reporting method in a structured data format on an open platform.
- Disaggregated data on requestors, such as by gender, where appropriate. 
- Standardized reports summarizing each agency’s RTI performance. 
- Anonymized, request-level data of the actual information requested and the disposition of those requests at regular, periodic intervals.","Require RTI performance data collection and publication: Require the collection and publication of RTI performance information in open data format. Efforts can include mandates to collect and publish the following data for each authority covered by the RTI law.

- Data on the number of requests submitted and processed, how long it took the relevant government agency or agencies to respond to requests, request disposition, reasons for denial, and appeals against RTI decisions and their results.
- Data that follows a standardized, validated reporting method in a structured data format on an open platform.
- Disaggregated data on requestors, such as by gender, where appropriate. 
- Standardized reports summarizing each agency’s RTI performance. 
- Anonymized, request-level data of the actual information requested and the disposition of those requests at regular, periodic intervals.",Access to Information,1,0,0,1,1,0,0,0,1,,RCID_227; RCID_228; RCID_229; RCID_230; RCID_231; RCID_232; RCID_233; RCID_234; RCID_235; RCID_236; RCID_237; RCID_238; RCID_239; RCID_240; RCID_241; RCID_242; RCID_243; RCID_244,Access to Information
RCID_230,Access to Information,Create an oversight body,"Establish a body (or give powers to existing inspectorates or ombudspersons) that can review cases, policies, and practices based on individual requests or denials, failures to report, and patterns of denial. This can also be done through an executive order or an administrative regulation.

- Ensure appellate processes allow for individual appeals of denial of information.
- Such bodies may publicly publish summaries of agency-level reports and make recommendations to chief administrators.
- An oversight body can also enforce any proactive disclosure requirements that are included in the RTI law. 
- Establish criteria for composition that considers a diversity of sectors and experiences, including across gender, age, and other representative demographics.","Create an oversight body: Establish a body (or give powers to existing inspectorates or ombudspersons) that can review cases, policies, and practices based on individual requests or denials, failures to report, and patterns of denial. This can also be done through an executive order or an administrative regulation.

- Ensure appellate processes allow for individual appeals of denial of information.
- Such bodies may publicly publish summaries of agency-level reports and make recommendations to chief administrators.
- An oversight body can also enforce any proactive disclosure requirements that are included in the RTI law. 
- Establish criteria for composition that considers a diversity of sectors and experiences, including across gender, age, and other representative demographics.",Access to Information,0,0,1,1,1,0,0,1,1,,RCID_227; RCID_228; RCID_229; RCID_230; RCID_231; RCID_232; RCID_233; RCID_234; RCID_235; RCID_236; RCID_237; RCID_238; RCID_239; RCID_240; RCID_241; RCID_242; RCID_243; RCID_244,Access to Information
RCID_231,Access to Information,Ensure the RTI oversight body is appropriately resourced,"Commit regular funding to the RTI oversight body, and ensure that the body is fully staffed to fulfill its mandate and maintain independence.","Ensure the RTI oversight body is appropriately resourced: Commit regular funding to the RTI oversight body, and ensure that the body is fully staffed to fulfill its mandate and maintain independence.",Access to Information,0,0,1,0,0,1,0,0,1,,RCID_227; RCID_228; RCID_229; RCID_230; RCID_231; RCID_232; RCID_233; RCID_234; RCID_235; RCID_236; RCID_237; RCID_238; RCID_239; RCID_240; RCID_241; RCID_242; RCID_243; RCID_244,Access to Information
RCID_232,Access to Information,Improve civil service incentives,"Establish a professional track for RTI professionals within agencies, and create professional certificates for relevant data management (where possible) to raise the effectiveness of RTI compliance as an accountability measure.","Improve civil service incentives: Establish a professional track for RTI professionals within agencies, and create professional certificates for relevant data management (where possible) to raise the effectiveness of RTI compliance as an accountability measure.",Access to Information,0,0,1,0,0,1,0,1,0,,RCID_227; RCID_228; RCID_229; RCID_230; RCID_231; RCID_232; RCID_233; RCID_234; RCID_235; RCID_236; RCID_237; RCID_238; RCID_239; RCID_240; RCID_241; RCID_242; RCID_243; RCID_244,Access to Information
RCID_233,Access to Information,Regularly report on compliance,Regularly report to the public and the legislative branch on agency or department compliance with the RTI law.,Regularly report on compliance: Regularly report to the public and the legislative branch on agency or department compliance with the RTI law.,Access to Information,1,0,1,0,0,1,0,1,1,,RCID_227; RCID_228; RCID_229; RCID_230; RCID_231; RCID_232; RCID_233; RCID_234; RCID_235; RCID_236; RCID_237; RCID_238; RCID_239; RCID_240; RCID_241; RCID_242; RCID_243; RCID_244,Access to Information
RCID_234,Access to Information,Create request-sharing requirements and systems,"Create request-sharing requirements and systems. In some cases, people make legitimate requests, but to the wrong authority. Governments can establish standardized request-forwarding processes to ensure that requests arrive in the right place.

- These systems will allow for common rerouting of requests filed to the wrong authority, and more standardized tracking and reporting. Doing so would lessen the administrative burden and make the final release of RTI performance data much easier.","Create request-sharing requirements and systems: Create request-sharing requirements and systems. In some cases, people make legitimate requests, but to the wrong authority. Governments can establish standardized request-forwarding processes to ensure that requests arrive in the right place.

- These systems will allow for common rerouting of requests filed to the wrong authority, and more standardized tracking and reporting. Doing so would lessen the administrative burden and make the final release of RTI performance data much easier.",Access to Information,1,0,1,0,0,1,0,0,1,,RCID_227; RCID_228; RCID_229; RCID_230; RCID_231; RCID_232; RCID_233; RCID_234; RCID_235; RCID_236; RCID_237; RCID_238; RCID_239; RCID_240; RCID_241; RCID_242; RCID_243; RCID_244,Access to Information
RCID_235,Access to Information,Require data on RTI performance to be accessible and usable,"Require the following elements to ensure data is accessible and usable by the general public. Successful examples include RTI performance databases in the Dominican Republic and Uruguay.

- Proactive and frequent disclosure of RTI performance data that is published online, free of charge, and in a timely manner. 
- Machine-readable data published in non-proprietary formats that is also bulk-downloadable, so the public can access data for monitoring and accountability purposes. 
- Public validation function to allow the public to flag data that may need further validation or correction.
- Gender-disaggregated data on requests and appeals, as appropriate","Require data on RTI performance to be accessible and usable: Require the following elements to ensure data is accessible and usable by the general public. Successful examples include RTI performance databases in the Dominican Republic and Uruguay.

- Proactive and frequent disclosure of RTI performance data that is published online, free of charge, and in a timely manner.  
- Machine-readable data published in non-proprietary formats that is also bulk-downloadable, so the public can access data for monitoring and accountability purposes. 
- Public validation function to allow the public to flag data that may need further validation or correction.
- Gender-disaggregated data on requests and appeals, as appropriate",Access to Information,1,1,1,1,0,1,0,0,1,,RCID_227; RCID_228; RCID_229; RCID_230; RCID_231; RCID_232; RCID_233; RCID_234; RCID_235; RCID_236; RCID_237; RCID_238; RCID_239; RCID_240; RCID_241; RCID_242; RCID_243; RCID_244,Access to Information
RCID_236,Access to Information,"Standardize data, including for interoperability","Standardize data and introduce common identifiers for key elements (such as agency names) that may be used in other important data, such as budgeting or spending data. Common identifiers can reduce the administrative burden of tracking RTI by relying on other validated databases and can allow for comparison across time and levels of government. 

- Across time: Make performance data consistent and comparable across requests and over the years by ensuring continuity of key indicators across years. This can help identify major changes in performance over time. 
- Across localities and agencies: Encourage (or mandate, if possible) government entities to use similar fields where comparison is possible through the production of guidance, appropriate validation methods, and incentives for standardization.","Standardize data, including for interoperability: Standardize data and introduce common identifiers for key elements (such as agency names) that may be used in other important data, such as budgeting or spending data. Common identifiers can reduce the administrative burden of tracking RTI by relying on other validated databases and can allow for comparison across time and levels of government. 

- Across time: Make performance data consistent and comparable across requests and over the years by ensuring continuity of key indicators across years. This can help identify major changes in performance over time. 
- Across localities and agencies: Encourage (or mandate, if possible) government entities to use similar fields where comparison is possible through the production of guidance, appropriate validation methods, and incentives for standardization.",Access to Information,1,0,0,0,0,0,1,1,0,,RCID_227; RCID_228; RCID_229; RCID_230; RCID_231; RCID_232; RCID_233; RCID_234; RCID_235; RCID_236; RCID_237; RCID_238; RCID_239; RCID_240; RCID_241; RCID_242; RCID_243; RCID_244,Access to Information
RCID_237,Access to Information,Ensure equal access to the RTI request process,"Create and enforce special measures to ensure that all persons, particularly the most vulnerable or marginalized, can benefit from the right to information. Such measures include accommodations for those who may have trouble accessing online systems, such as people living in rural areas with limited internet access or people with disabilities. For example, the Philippines focused on increasing RTI ordinances at the local level, which led to a considerable expansion of public access to information, including in rural areas.","Ensure equal access to the RTI request process: Create and enforce special measures to ensure that all persons, particularly the most vulnerable or marginalized, can benefit from the right to information. Such measures include accommodations for those who may have trouble accessing online systems, such as people living in rural areas with limited internet access or people with disabilities. For example, the Philippines focused on increasing RTI ordinances at the local level, which led to a considerable expansion of public access to information, including in rural areas. ",Access to Information,0,1,0,1,0,1,0,1,1,,RCID_227; RCID_228; RCID_229; RCID_230; RCID_231; RCID_232; RCID_233; RCID_234; RCID_235; RCID_236; RCID_237; RCID_238; RCID_239; RCID_240; RCID_241; RCID_242; RCID_243; RCID_244,Access to Information
RCID_238,Access to Information,Create a public advisory panel,"Establish or enhance an advisory group to include RTI users (including journalists, industry, and civil society organizations) and government information producers. Ensure that the advisory group solicits, combines, and gives feedback on the quality of compliance reporting and recommends solutions revealed by data from agencies.","Create a public advisory panel: Establish or enhance an advisory group to include RTI users (including journalists, industry, and civil society organizations) and government information producers. Ensure that the advisory group solicits, combines, and gives feedback on the quality of compliance reporting and recommends solutions revealed by data from agencies. ",Access to Information,0,1,0,0,0,1,0,1,1,,RCID_227; RCID_228; RCID_229; RCID_230; RCID_231; RCID_232; RCID_233; RCID_234; RCID_235; RCID_236; RCID_237; RCID_238; RCID_239; RCID_240; RCID_241; RCID_242; RCID_243; RCID_244,Access to Information
RCID_239,Access to Information,Train public officials,"Provide adequate training to all relevant public officials, especially information officers, on record-keeping practices, how to respond in a proper and timely manner, the use of standardized data, and the timely provision of information and appropriate use of exemptions.","Train public officials: Provide adequate training to all relevant public officials, especially information officers, on record-keeping practices, how to respond in a proper and timely manner, the use of standardized data, and the timely provision of information and appropriate use of exemptions.",Access to Information,0,1,0,0,0,1,0,1,0,,RCID_227; RCID_228; RCID_229; RCID_230; RCID_231; RCID_232; RCID_233; RCID_234; RCID_235; RCID_236; RCID_237; RCID_238; RCID_239; RCID_240; RCID_241; RCID_242; RCID_243; RCID_244,Access to Information
RCID_240,Access to Information,Conduct public education campaigns,"Create a campaign to increase the public’s awareness of the right to information, including guidance on how to submit information requests. 

- Raise awareness of the benefits of RTI performance data through public education campaigns, especially where there is a high level of understanding and use of the right to information.","Conduct public education campaigns: Create a campaign to increase the public’s awareness of the right to information, including guidance on how to submit information requests. 

- Raise awareness of the benefits of RTI performance data through public education campaigns, especially where there is a high level of understanding and use of the right to information.",Access to Information,0,1,0,0,0,0,1,1,0,,RCID_227; RCID_228; RCID_229; RCID_230; RCID_231; RCID_232; RCID_233; RCID_234; RCID_235; RCID_236; RCID_237; RCID_238; RCID_239; RCID_240; RCID_241; RCID_242; RCID_243; RCID_244,Access to Information
RCID_241,Access to Information,Increase financial support to information intermediaries,"Provide education opportunities, grants, and support to data intermediaries (such as CSOs or local legal clinics) that use the RTI system.","Increase financial support to information intermediaries: Provide education opportunities, grants, and support to data intermediaries (such as CSOs or local legal clinics) that use the RTI system.",Access to Information,0,1,0,0,0,0,1,1,1,,RCID_227; RCID_228; RCID_229; RCID_230; RCID_231; RCID_232; RCID_233; RCID_234; RCID_235; RCID_236; RCID_237; RCID_238; RCID_239; RCID_240; RCID_241; RCID_242; RCID_243; RCID_244,Access to Information
RCID_242,Access to Information,Strengthen the RTI oversight body’s powers of oversight and investigation,"Establish or strengthen the right to information commission, including by assuring funding, to ensure independence and maximal disclosure, especially in high-value areas of government activity.

- Empower RTI commissions (or their equivalent) to investigate irregularities and patterns of practice as reflected in performance data and to independently report their findings to the legislature and the public. 
- Allow independent oversight to conduct on-site inspections and impose sanctions for non-compliance.
- Create tribunals with the mandate and capacity to review irregularities and patterns of practice.","Strengthen the RTI oversight body’s powers of oversight and investigation: Establish or strengthen the right to information commission, including by assuring funding, to ensure independence and maximal disclosure, especially in high-value areas of government activity.

- Empower RTI commissions (or their equivalent) to investigate irregularities and patterns of practice as reflected in performance data and to independently report their findings to the legislature and the public. 
- Allow independent oversight to conduct on-site inspections and impose sanctions for non-compliance.
- Create tribunals with the mandate and capacity to review irregularities and patterns of practice.",Access to Information,0,0,1,0,1,0,0,0,1,,RCID_227; RCID_228; RCID_229; RCID_230; RCID_231; RCID_232; RCID_233; RCID_234; RCID_235; RCID_236; RCID_237; RCID_238; RCID_239; RCID_240; RCID_241; RCID_242; RCID_243; RCID_244,Access to Information
RCID_243,Access to Information,Create a process for judicial or quasi-judicial review,"Ensure that non-reporting, falsification, and misrepresentation of data has adequate, publicly accessible avenues of redress and remedy, if they do not already exist.","Create a process for judicial or quasi-judicial review: Ensure that non-reporting, falsification, and misrepresentation of data has adequate, publicly accessible avenues of redress and remedy, if they do not already exist.",Access to Information,0,0,1,0,1,0,0,0,1,,RCID_227; RCID_228; RCID_229; RCID_230; RCID_231; RCID_232; RCID_233; RCID_234; RCID_235; RCID_236; RCID_237; RCID_238; RCID_239; RCID_240; RCID_241; RCID_242; RCID_243; RCID_244,Access to Information
RCID_244,Access to Information,Create a process for parliamentary oversight,Hold standing or ad hoc committees and legislative hearings to oversee the performance of the RTI law and ensure agencies are complying with the RTI law.,Create a process for parliamentary oversight: Hold standing or ad hoc committees and legislative hearings to oversee the performance of the RTI law and ensure agencies are complying with the RTI law.,Access to Information,0,0,1,0,0,1,0,0,1,,RCID_227; RCID_228; RCID_229; RCID_230; RCID_231; RCID_232; RCID_233; RCID_234; RCID_235; RCID_236; RCID_237; RCID_238; RCID_239; RCID_240; RCID_241; RCID_242; RCID_243; RCID_244,Access to Information
RCID_245,Extractives,"Publish gender-relevant employment, health, and safety information","Ensure that companies operating in the extractive sector report gender-disaggregated data on employment, health, and safety outcomes, with a focus on reducing gender disparities, promoting workplace safety, and exposing the gender dimensions of extractive industry value chains. Countries and companies should also disclose gender-disaggregated information on the environmental and social impacts of their industries, including assessments, monitoring data, and social expenditures. UN Women found that women tend to be employed in lower-wage positions in the extractive workforce and disproportionately bear the costs of extractive activities, such as increased exposure to harassment and gender-based violence.

EITI reporting in Senegal “revealed that women make up less than 10 percent of the country’s extractive industries workforce, which has fed into public debate on diversity in the sector.” The collection and publication of this data have helped civil society groups in the country, such as Women in Mining Senegal, use this information to advocate for reforms, such as the inclusion of women in the supply chain and in local extractives sector policies and projects","Publish gender-relevant employment, health, and safety information: Ensure that companies operating in the extractive sector report gender-disaggregated data on employment, health, and safety outcomes, with a focus on reducing gender disparities, promoting workplace safety, and exposing the gender dimensions of extractive industry value chains. Countries and companies should also disclose gender-disaggregated information on the environmental and social impacts of their industries, including assessments, monitoring data, and social expenditures. UN Women found that women tend to be employed in lower-wage positions in the extractive workforce and disproportionately bear the costs of extractive activities, such as increased exposure to harassment and gender-based violence.

EITI reporting in Senegal “revealed that women make up less than 10 percent of the country’s extractive industries workforce, which has fed into public debate on diversity in the sector.” The collection and publication of this data have helped civil society groups in the country, such as Women in Mining Senegal, use this information to advocate for reforms, such as the inclusion of women in the supply chain and in local extractives sector policies and projects",Extractives,1,0,0,1,0,1,0,1,1,,RCID_245; RCID_246; RCID_247; RCID_248; RCID_249,
RCID_246,Extractives,Mandate supply chain due diligence and transparency,"Require operating companies (or companies operating along the supply chain) to ensure adherence to legal standards and best practice frameworks to prevent crimes such as child labor, human trafficking, and illegal artisanal operations.

For example, investors from both private firms and other countries can ensure good practices in supply chain management, including transparency, are followed. This could take the form of adopting auditing standards like that of the Initiative for Responsible Mining Assurance or mandating divestment from extractive companies involved in corruption or environmental damage, as Norway’s Global Pension Fund requires.","Mandate supply chain due diligence and transparency:
Require operating companies (or companies operating along the supply chain) to ensure adherence to legal standards and best practice frameworks to prevent crimes such as child labor, human trafficking, and illegal artisanal operations.

For example, investors from both private firms and other countries can ensure good practices in supply chain management, including transparency, are followed. This could take the form of adopting auditing standards like that of the Initiative for Responsible Mining Assurance or mandating divestment from extractive companies involved in corruption or environmental damage, as Norway’s Global Pension Fund requires.",Extractives,1,0,0,0,0,0,1,1,1,,RCID_245; RCID_246; RCID_247; RCID_248; RCID_249,
RCID_247,Extractives,Make state-owned enterprises transparent,"Require SOEs to publish financial statements, governance structures, and anti-corruption policies, implementing transparency measures that align with internationally recognized standards (including EITI’s Standard) to enhance accountability. This should include agents, contractors, and controlling interests in those SOEs. SOEs should also disclose the rules that govern the financial relationship between the state and the SOE.

Mongolia committed to passing a new law to increase transparency in the extractive industries, including for state-owned enterprises involved in mining.
Examples of countries whose SOEs publish audited consolidated financial statements online include Albpetrol (Albania), KazMunayGas (Kazakhstan), and Sonangol (Angola).","Make state-owned enterprises transparent: Require SOEs to publish financial statements, governance structures, and anti-corruption policies, implementing transparency measures that align with internationally recognized standards (including EITI’s Standard) to enhance accountability. This should include agents, contractors, and controlling interests in those SOEs. SOEs should also disclose the rules that govern the financial relationship between the state and the SOE.

Mongolia committed to passing a new law to increase transparency in the extractive industries, including for state-owned enterprises involved in mining.
Examples of countries whose SOEs publish audited consolidated financial statements online include Albpetrol (Albania), KazMunayGas (Kazakhstan), and Sonangol (Angola).
",Extractives,1,0,1,0,0,1,0,1,1,,RCID_245; RCID_246; RCID_247; RCID_248; RCID_249,
RCID_248,Extractives,Improve reporting on conflicts of interest and require disclosure,"Modernize disclosures on lobbying, political finance, open meeting rules, ethics, and conflicts of interest. Require candidates and public officials to divest ownership stakes in particular stocks or other assets, including major extractive companies, and to move those assets into blind trusts.

For example, areas of legal or regulatory standards to detect conflicts of interest include requiring the disclosure of extractive companies’ political donations and lobbying activities and establishing “cooling off” periods for individuals moving between government and private sector positions (also known as rules to prevent “revolving doors”).","Improve reporting on conflicts of interest and require disclosure: Modernize disclosures on lobbying, political finance, open meeting rules, ethics, and conflicts of interest. Require candidates and public officials to divest ownership stakes in particular stocks or other assets, including major extractive companies, and to move those assets into blind trusts.

For example, areas of legal or regulatory standards to detect conflicts of interest include requiring the disclosure of extractive companies’ political donations and lobbying activities and establishing “cooling off” periods for individuals moving between government and private sector positions (also known as rules to prevent “revolving doors”).",Extractives,1,0,0,0,0,1,0,1,1,,RCID_245; RCID_246; RCID_247; RCID_248; RCID_249,
RCID_249,Extractives,Require contract transparency and prohibit confidentiality in natural resources licensing,"Require companies and governments to disclose full contracts or license documents that detail the terms under which extraction occurs. These important documents detail all important rules surrounding extractive industry projects, including tax and fiscal terms, environmental and social obligations, worker health and safety, and production commitments. Such reporting should extend to cover all stages of a project, including exploration, exploitation, and drawdown.

Malawi currently requires the disclosure of all contracts and licenses related to the oil, gas, and mineral sectors and has committed to improving the transparency of these processes in its 2023–2025 OGP action plan and its participation in the Open Gov Challenge.
In the Democratic Republic of Congo (DRC), the government successfully renegotiated the value of the infrastructure budget from US $3 billion to US $7 billion following the publication of an evaluation report on a deal signed by the DRC government and Chinese investors to develop the Sicomines mining project.","Require contract transparency and prohibit confidentiality in natural resources licensing:  Require companies and governments to disclose full contracts or license documents that detail the terms under which extraction occurs. These important documents detail all important rules surrounding extractive industry projects, including tax and fiscal terms, environmental and social obligations, worker health and safety, and production commitments. Such reporting should extend to cover all stages of a project, including exploration, exploitation, and drawdown.

Malawi currently requires the disclosure of all contracts and licenses related to the oil, gas, and mineral sectors and has committed to improving the transparency of these processes in its 2023–2025 OGP action plan and its participation in the Open Gov Challenge.
In the Democratic Republic of Congo (DRC), the government successfully renegotiated the value of the infrastructure budget from US $3 billion to US $7 billion following the publication of an evaluation report on a deal signed by the DRC government and Chinese investors to develop the Sicomines mining project.",Extractives,1,0,0,0,0,1,0,1,1,,RCID_245; RCID_246; RCID_247; RCID_248; RCID_249,
RCID_250,Political Finance,Create a publicly available online political advertising repository,"Governments can create a political advertising repository, which would publish information about political ads posted online, including on social media platforms. The repository itself should be easily accessible and free of charge. Private sector actors that publish political ads would be required to report information about political ads in a timely manner, including data about the value of such ads. Managing a repository that requires compliance from multinational organizations is complex. To address this, countries can support a regional system similar to the European Union regulation, which names the European Commission as the body responsible for creating and maintaining such a repository.","Create a publicly available online political advertising repository: 
Governments can create a political advertising repository, which would publish information about political ads posted online, including on social media platforms. The repository itself should be easily accessible and free of charge. Private sector actors that publish political ads would be required to report information about political ads in a timely manner, including data about the value of such ads. Managing a repository that requires compliance from multinational organizations is complex. To address this, countries can support a regional system similar to the European Union regulation, which names the European Commission as the body responsible for creating and maintaining such a repository.",,1,0,0,0,0,0,1,1,1,,RCID_250; RCID_251; RCID_252; RCID_253; RCID_254,
RCID_251,Political Finance,Make data interoperable,"Use common identifiers across datasets related to political finance data to ensure that data in different databases can be used together, which increases accountability. Specifically, common identifiers should be used for natural persons (including candidates and donors) and legal persons (including third-party campaign groups). For example, linking political finance data with public procurement data can detect whether elected officials are awarding public contracts to campaign donors. Likewise, beneficial ownership data can be used to reveal hidden interests behind political donations.

To leverage the benefits of interoperability, governments can create automatic verification systems to cross-check political finance data with online ad libraries, beneficial ownership databases, and tax registries.","Make data interoperable: Use common identifiers across datasets related to political finance data to ensure that data in different databases can be used together, which increases accountability. Specifically, common identifiers should be used for natural persons (including candidates and donors) and legal persons (including third-party campaign groups). For example, linking political finance data with public procurement data can detect whether elected officials are awarding public contracts to campaign donors. Likewise, beneficial ownership data can be used to reveal hidden interests behind political donations.

To leverage the benefits of interoperability, governments can create automatic verification systems to cross-check political finance data with online ad libraries, beneficial ownership databases, and tax registries.",,1,0,0,0,0,1,0,1,1,,RCID_250; RCID_251; RCID_252; RCID_253; RCID_254,
RCID_252,Political Finance,Collect and publish high-quality political finance data in an open format on a centralized portal,"Collecting and publishing political finance data is more effective if the data is of high quality, structured, and presented in an open data format. Therefore, governments should require political parties, candidates, and third-party campaigners to include the following elements in their reports. The political finance oversight body should then publish the collected information with that level of detail on easily accessible platforms.

Disaggregate revenue data by source, including donations, public funding, and membership dues. In-kind and non-monetary donations (broadly, “things of value”) should be included as part of reported revenue.
Include detailed, clearly identifiable information on each donor, specifically:
Donor’s first and last name
Unique identifier for each donor
Basic identifying information for each donor, such as the place of residence, occupation, and employer, in cases where it does not conflict with privacy protection laws
Publish the dates and amounts of donations, including value estimates for in-kind and non-financial contributions.
Publish information on an ongoing and timely basis, including before elections.
Standardize supplier names with unique identifiers, rather than relying on manual entry, to better track campaign spending. The unique identifiers should be linked to tax identification numbers (or another national ID number) that are stored in a separate database. Linking unique identifiers to an existing identification system in this way allows for data validation.
Ensure data is machine-readable, free to access, licensed for reuse, and downloadable in bulk.","Collect and publish high-quality political finance data in an open format on a centralized portal: Collecting and publishing political finance data is more effective if the data is of high quality, structured, and presented in an open data format. Therefore, governments should require political parties, candidates, and third-party campaigners to include the following elements in their reports. The political finance oversight body should then publish the collected information with that level of detail on easily accessible platforms.

Disaggregate revenue data by source, including donations, public funding, and membership dues. In-kind and non-monetary donations (broadly, “things of value”) should be included as part of reported revenue.
Include detailed, clearly identifiable information on each donor, specifically:
Donor’s first and last name
Unique identifier for each donor
Basic identifying information for each donor, such as the place of residence, occupation, and employer, in cases where it does not conflict with privacy protection laws
Publish the dates and amounts of donations, including value estimates for in-kind and non-financial contributions.
Publish information on an ongoing and timely basis, including before elections.
Standardize supplier names with unique identifiers, rather than relying on manual entry, to better track campaign spending. The unique identifiers should be linked to tax identification numbers (or another national ID number) that are stored in a separate database. Linking unique identifiers to an existing identification system in this way allows for data validation.
Ensure data is machine-readable, free to access, licensed for reuse, and downloadable in bulk.",,1,0,0,0,1,0,0,1,1,,RCID_250; RCID_251; RCID_252; RCID_253; RCID_254,
RCID_253,Political Finance,Create a public enforcement actions database,"Create a public database that tracks enforcement actions taken against political parties, candidates, or third-party campaigners for violations of political finance laws or regulations. Such a database should include criminal cases as well as civil and administrative penalties.

For example, the US Federal Election Commission has a searchable database of closed cases that it investigated. The scope is limited to civil and administrative penalties. The United Kingdom Electoral Commission also has a database on investigations.","Create a public enforcement actions database: Create a public database that tracks enforcement actions taken against political parties, candidates, or third-party campaigners for violations of political finance laws or regulations. Such a database should include criminal cases as well as civil and administrative penalties.

For example, the US Federal Election Commission has a searchable database of closed cases that it investigated. The scope is limited to civil and administrative penalties. The United Kingdom Electoral Commission also has a database on investigations.",,1,0,1,0,0,0,1,1,0,,RCID_250; RCID_251; RCID_252; RCID_253; RCID_254,
RCID_254,Political Finance,Ensure that whistleblower protections extend to those who report on misconduct related to political finance,"Establish and enforce protections for whistleblowers, who are often the ones to flag cases for further investigation and enforcement.","Ensure that whistleblower protections extend to those who report on misconduct related to political finance: Establish and enforce protections for whistleblowers, who are often the ones to flag cases for further investigation and enforcement.",,0,0,1,0,0,1,0,1,1,,RCID_250; RCID_251; RCID_252; RCID_253; RCID_254,